width,width_var,sinuosity,max_width,dist_out,n_chan_mod,n_chan_max,facc,meand_len,slope,elevation_min,elevation_max,elevation_range,elevation_mean,relative_elevation_mean,relative_elevation_max,slope_r_mean,slope_r_max,local_slope_mean,local_slope_max,curvature_mean,curvature_max,local_curvature_mean,local_curvature_max,dist_along_range,channel_dist_along,ridge1_dist_along,floodplain1_dist_along,ridge2_dist_along,floodplain2_dist_along,channel_elevation,ridge1_elevation,floodplain1_elevation,ridge2_elevation,floodplain2_elevation,reach_id,node_id,discharge_value,corrected_discharge,XGB_depth,floodplain1_dist_to_river_center,floodplain2_dist_to_river_center,ridge1_slope,ridge2_slope,gamma1,gamma2,gamma_mean,a_b_1,a_b_2,a_b,corrected_denominator,superelevation1,superelevation2,superelevation_mean,lambda_original,flag_high_gamma,flag_low_superelevation,flag_single_side,geometry,river_name,median_ortho_height,wse_is2,interpolated_wse,lower_ridge,single_side_measurement,partial_data_flag,lambda,lambda_diff,is_reflected
562.0,458.8055555555556,1.0094542446962291,1651.0,448214,2,2,56341.55463676948,1439.0497526664014,0.0001433500382287,15.0,712.64,697.64,156.56886842807577,141.56886842807577,697.64,0.0997394554191082,1.655000000009783,-0.0051144331731829,1.655000000009783,-1.4938768656867367e-16,0.0518333333339836,-1.0951759776092688e-15,0.0518333333339836,112380.00000000124,55132.90296774254,55770.931354839326,61321.778322581325,54324.73367741995,52602.05703225864,32.0,34.81503277419404,28.759407225806505,36.69,32.15,61204300171,61204300170041,2862.789,17686.21639177284,12.612936,6188.875354838783,2530.8459354838997,0.0010909372177774,0.0026354336492089,7.610302942765367,18.384603741817152,12.99745334229126,0.1277998250986622,0.2764541175767711,0.2021269713377166,12.612936,0.4801122869716878,0.3599479137926331,0.4200301003821605,5.459321634560747,False,False,False,POINT (-8319874.146339448 917229.152892314),COLOMBIA_2011_2,,,33.20310163161359,34.81503277419404,False,False,5.459321632075045,-2.485702310650595e-09,False
547.5,274.25,1.0152208070892657,547.5,449843,1,1,56335.42385349026,2706.2861204674587,0.0001433500382287,18.5,922.37,903.87,179.45245686113395,160.95245686113395,903.87,0.1137705022831226,1.5949999999869449,-0.0078285844748953,1.287333333327089,-6.893821745192135e-06,0.0433000000007456,6.899911694814274e-06,0.0617777777784389,109500.0000000024,54679.82070177019,53524.33317017114,52488.37883149613,54849.15939174592,55317.33106403174,32.0,33.67555609942952,32.63387372283463,34.926193560213406,32.70911035467728,61204300171,61204300170121,2862.789,17686.21639177284,11.850203,2191.441870274066,637.5103622615497,0.0010055292368596,0.0047356201411668,7.014502746455239,33.03536015533971,20.024931450897476,0.0233956826735234,0.1289328920569133,0.0761642873652184,11.850203,0.0879041799195247,0.187092424115952,0.1374983020177383,2.753394077812858,False,False,False,POINT (-8321390.500422583 916693.9772115796),COLOMBIA_2011_2,33.78801164343358,33.78801164343358,33.398312487029,33.67555609942952,False,False,2.7533940725200092,-5.292848825888541e-09,False
858.0,3005.25,1.2034656020983174,1651.0,451416,4,4,56329.538301542205,5697.283659603235,0.0001433500382287,15.0,230.75,215.75,52.08123055409894,37.08123055409894,215.75,0.0559870046620019,0.899666666664485,-0.0006956293706287,0.899666666664485,-2.0302694721470895e-06,0.0205888888889488,2.080783353719882e-06,0.0296111111112056,171599.99999999645,86556.65021868706,86255.75302925939,83636.17749777141,87193.84426688685,88273.53418189203,32.0,33.99890555940132,32.44745166517761,36.87309013182907,30.525488606037797,61204300171,61204300170201,2862.789,17686.21639177284,12.463781,2920.4727209156554,1716.883963204964,0.0005922539262497,0.0058790967959367,4.131522625092314,41.012174594312214,22.571848609702265,0.0332282077180757,0.2638311316482079,0.1485296696831418,12.463781,0.1244769860946459,0.509283782007344,0.316880384050995,7.152576062393617,False,False,False,POINT (-8322846.183096295 916153.6326513231),COLOMBIA_2011_2,,,33.58475642215251,33.99890555940132,False,False,7.1525760561833716,-6.210245651061541e-09,False
557.5,195.58333333333337,1.2034656020983174,1651.0,453040,2,2,56323.53013392857,5697.283659603235,0.0001433500382287,19.5,1056.26,1036.76,194.08313155770784,174.58313155770782,1036.76,0.1218602439899867,1.3210000000049669,-0.0081221743810698,1.2853333333381654,-8.47315686974776e-06,0.0440333333336644,8.473156871097257e-06,0.045344444444956,111479.99999999705,55345.38477419208,54691.36877419209,53467.72593548244,55640.74683870819,58172.421677417806,32.5,35.01273754838489,32.41030124731034,33.585421935485634,31.07,61204300171,61204300170281,2862.789,17686.21639177284,11.850203,1877.6588387096417,2827.036903225722,0.002126794042036,0.0009935801770554,14.836368851489052,6.931146927706752,10.883757889597902,0.1204465014188158,0.0,0.0602232507094079,11.850203,0.2196111156133399,0.2122682569645122,0.215939686288926,2.3502352659091064,False,False,False,POINT (-8324332.156943116 915603.0893766633),COLOMBIA_2011_2,,,33.585421935485634,33.585421935485634,False,False,2.350235264324395,-1.5847114731570855e-09,False
653.0,191.66666666666663,1.2034656020983174,1651.0,454611,2,2,56317.52196631493,5697.283659603235,0.0001433500382287,25.0,875.21,850.21,130.67410197519524,105.67410197519524,850.21,0.0919697526610278,1.502666666645165,-0.0038547361972263,1.502666666645165,-1.731004900509312e-06,0.0323555555565004,1.7310049043998991e-06,0.0416999999995458,130590.0000000107,64526.13309180133,63815.9741569584,62765.328061574335,64886.07666151624,66111.8304394643,32.5,35.544327345203065,32.57822397947543,35.384002266862154,32.62004494470065,61204300171,61204300170361,2862.789,17686.21639177284,12.463781,1760.8050302269912,1585.6973476629792,0.0028231231962274,0.0022549041819259,19.693913103276692,15.730056369629068,17.71198473645288,0.1274594039433667,0.1145961271032461,0.1210277655233064,12.463781,0.2379778147359644,0.2217591373084541,0.2298684760222092,4.071426942293367,False,False,False,POINT (-8324703.860509147 914126.1650853407),COLOMBIA_2011_2,,,33.955701120603,35.384002266862154,False,False,4.071426938697056,-3.596310804709901e-09,False
550.0,3611.387755102041,1.0103926305315385,550.0,456229,1,1,56311.145951704544,1463.14204533066,0.0001433500382287,27.5,1403.74,1376.24,194.60155167712023,167.10155167712026,1376.24,0.1247712311329606,1.5309999999894175,-0.0061067466812373,1.5309999999894175,-1.352129755425114e-06,0.0349888888907647,-1.3521297573559211e-06,0.0388333333332882,109980.00000000256,54960.83374651533,55260.18890489203,56323.68749386187,54417.26780104185,52487.21480624472,32.5,35.32659971197994,32.65787503684072,35.1717853402675,32.53573826874768,61204300171,61204300170441,2862.789,17686.21639177284,11.850203,1362.8537473465403,2473.6189402706077,0.0025093824291905,0.0013657899950208,17.505279106986077,9.52765699889048,13.51646805293828,0.1002358716858981,0.0871715926479642,0.0937037321669312,11.850203,0.2252049754033088,0.2224474189614995,0.2238261971824042,3.025339645995416,False,False,False,POINT (-8324496.253132141 912523.8481890149),COLOMBIA_2011_2,34.01617968523968,34.01617968523968,34.13878418438422,35.1717853402675,False,False,3.0253396436266304,-2.368785612105739e-09,False
516.0,698.4897959183673,1.0025513548399998,516.0,457823,1,1,56305.13778409091,953.334866143936,0.0001433500382287,21.0,892.7,871.7,129.9196889534884,108.9196889534884,871.7,0.1170110497237074,1.4066666666952403,-0.0041171852282946,1.4066666666952403,5.494150072207293e-08,0.0406222222214136,5.494150216152571e-08,0.0502777777775943,103169.99999999702,51920.16830384864,51721.96922202555,51253.99916772102,52465.215778862155,52960.713483419895,33.0,35.76895411715639,33.659332778481726,35.90172623091168,31.892857677719,61204300171,61204300170521,2862.789,17686.21639177284,11.850203,666.1691361276171,1040.545179571258,0.0045080263464759,0.0080905895390176,31.447681508699095,56.43939575453701,43.943538631618054,0.1226487464697232,0.1338529513724647,0.128250848921094,11.850203,0.1780240674927395,0.3382953484588135,0.2581597079757765,11.34445112383966,False,False,False,POINT (-8324544.702249612 911028.5355652416),COLOMBIA_2011_2,,,34.31554145114589,35.76895411715639,False,False,11.34445110056077,-2.3278889926814372e-08,False
579.5,269.55555555555554,1.055937693217588,579.5,459406,1,1,56299.49746347403,3367.791827163907,0.0001433500382287,21.0,1187.13,1166.13,141.87230331262938,120.87230331262938,1166.13,0.0982052808697937,1.2803333333311977,-0.0096835792562548,1.0646666666633098,-3.947292709114012e-06,0.0370888888886558,-3.9472927113065385e-06,0.0353444444442595,115889.99999999085,57964.59182822991,57808.53123756742,56735.61467676279,58549.81904321425,58764.40235537518,33.0,35.87167701287583,33.91192661619263,34.71321269547549,33.41,61204300171,61204300170601,2862.789,17686.21639177284,12.612936,1228.977151467123,799.8105271452732,0.0018265636550403,0.0060732247828521,12.741982336455768,42.366398069339496,27.55419020289763,0.109650034006028,0.0178027253736026,0.0637263796898153,12.612936,0.1553762261763001,0.1033235002124401,0.1293498631943701,3.5641307466840706,False,False,False,POINT (-8325362.076609702 909671.0044469729),COLOMBIA_2011_2,,,34.48866804190994,34.71321269547549,False,False,3.5641307331764622,-1.3507608365159742e-08,False
593.0,741.4285714285714,1.013121387342399,593.0,461020,1,1,56293.12144886364,1860.099094117122,0.0001433500382287,30.0,2010.71,1980.71,233.87926150733432,203.87926150733435,1980.71,0.1333731343283308,1.4893333333295429,-0.0122772577789052,1.4893333333295429,-5.043859650332402e-06,0.0315111111109429,-5.043859650118599e-06,0.0286555555554132,118589.99999999609,59288.493331832935,59491.72409578714,60544.82896354986,58826.60523193701,58358.55862404247,33.0,37.08563253511363,34.23839034548393,37.58039437258765,34.7071172480818,61204300171,61204300170681,2862.789,17686.21639177284,12.612936,1256.3356317169237,929.9347077904677,0.0027036644441449,0.0061388696550801,18.860577071012305,42.82433217971112,30.84245462536171,0.1921078148019544,0.2313343516088866,0.2117210832054205,12.612936,0.2257398427796433,0.2278039882629902,0.2267719155213168,6.994202527120912,False,False,False,POINT (-8325312.81910473 908068.9300682555),COLOMBIA_2011_2,34.312522525683015,34.312522525683015,34.66258876980891,37.08563253511363,False,False,6.994202514772573,-1.2348339240020325e-08,False
657.0,551.44,1.0751239707666798,657.0,462592,1,1,56287.11328125,2178.0895939813404,0.0001433500382287,22.84,489.59,466.75,66.7274229627939,43.887422962793885,466.75,0.0705682648401821,1.8033333333237112,0.0004276255707422,1.8033333333237112,2.0298901604672843e-08,0.0497333333325798,-3.5523078359575186e-08,0.0497333333325798,131399.99999999796,65632.74580645059,66105.22064516025,67870.78451612797,65234.8722580635,64861.8658064506,33.5,35.41507354838718,33.44078451612937,37.17,34.653731612903435,61204300171,61204300170761,2862.789,17686.21639177284,12.463781,2238.0387096773775,770.8799999999901,0.0011182201129078,0.0067459111483733,7.80062654133286,47.0590118546812,27.42981919800703,0.0469558804614569,0.1877579621741204,0.1173569213177886,12.463781,0.1584020958213087,0.2018864409681593,0.180144268394734,4.94132472334557,False,False,False,POINT (-8325072.459500737 906604.1216343032),COLOMBIA_2011_2,34.662295083559414,34.662295083559414,34.82982569069752,35.41507354838718,False,False,4.941324711624808,-1.1720762138622833e-08,False
387.0,199.44,1.0017386049189727,387.0,464192,1,1,56281.71819196428,1495.9548818713,0.0001433500382287,27.96,364.15,336.19,62.5679534883721,34.6079534883721,336.19,0.088193227349094,1.2116666666659308,7.35427168152584e-05,1.126666666665915,-9.9710684094605e-17,0.0282999999999622,-6.378760449133185e-07,0.0386222222223017,77370.00000000106,38705.43422478305,39087.74514184445,40355.13201758224,,,34.0,35.97,33.98,,,61204300171,61204300170841,2862.789,17686.21639177284,12.24951,1649.6977927991902,,0.0015701598592548,,10.953327105150684,,10.953327105150684,0.080143416448619,,0.080143416448619,12.24951,0.1624554778109493,,0.1624554778109493,1.7794279898762229,False,False,True,POINT (-8324145.599819609 905261.036137064),COLOMBIA_2011_2,,,34.98828233863506,35.97,True,True,1.7794279884868764,-1.3893464156922162e-09,False
270.0,174.48979591836738,1.1863206891890112,270.0,465627,1,1,41648.577734375,10092.709016737444,6.77237990141296e-05,33.0,669.28,636.28,77.39405,44.39405000000001,636.28,0.08552177135447,0.8856666666682372,-0.0082203075783072,0.8856666666682372,-7.168458781084678e-06,0.0218444444445215,-7.168458781128812e-06,0.0298000000001109,53970.000000000386,26988.01767741955,27192.291225806646,28183.017935484073,26742.88941935503,26395.624387096963,34.5,37.10304791398459,34.78132137634386,37.13422116128943,35.071458537634165,61204500011,61204500010031,1952.537,11670.573874104608,9.209383,1195.0002580645232,592.3932903225868,0.0023434581026418,0.0059400239762186,34.60316959113481,87.70955059652374,61.15636009382928,0.1282409508220701,0.131625894625569,0.1299334227238195,9.209383,0.2521044610307474,0.2239848884181781,0.2380446747244628,14.557945879925065,False,False,False,POINT (-8323505.004327077 903796.0874784155),COLOMBIA_2011_2,,,35.92202775333903,37.10304791398459,False,False,14.55794584586771,-3.405735427008949e-08,False
352.0,124.56,1.1863206891890112,352.0,467214,1,1,41629.105078125,10092.709016737444,6.77237990141296e-05,21.0,778.32,757.32,149.4135790370686,128.4135790370686,757.32,0.1003677181017169,1.370999999989027,-0.0080963341858622,1.0756666666825818,-4.520255864051652e-06,0.033744444445491,-4.738213693478321e-06,0.0418444444446407,70379.99999999965,35127.33909677402,34914.2314838708,33648.9050322579,35313.80825806434,35966.450322580466,34.5,39.79307406451768,35.97,36.420803354841205,34.62118322580658,61204500011,61204500010111,1952.537,11670.573874104608,8.438846,1478.434064516121,839.1112258064459,0.0030214132144499,0.0027574381489054,44.6137585078411,40.71594017237803,42.66484934010957,0.4413503070135753,0.0417375744120152,0.2415439407127952,8.438846,0.4530328038357002,0.2132542920008994,0.3331435479182998,14.21351929665868,False,False,False,POINT (-8323930.186180019 902301.2707135081),COLOMBIA_2011_2,,,36.06858635022709,36.420803354841205,False,False,14.213519280563837,-1.6094842791858355e-08,False
354.0,57.47222222222221,1.1863206891890112,354.0,468834,1,1,41612.748046875,10092.709016737444,6.77237990141296e-05,21.0,685.97,664.97,135.97155442609062,114.97155442609063,664.97,0.0862255649717594,1.0933333333233235,-0.0093922316383871,0.8473333333414128,-4.804295596809117e-07,0.028244444444983,4.804295629168873e-07,0.0376555555558179,70800.00000000003,35400.27046271246,35645.31759106487,36173.70046157476,35136.07902745752,35097.79041365245,35.0,36.77351516266159,34.91790015385841,36.42070921818792,36.15883834538792,61204500011,61204500010191,1952.537,11670.573874104608,8.438846,773.4299988622952,302.48004906001006,0.003511875779585,0.0068393927054615,51.85585910282979,100.98950154929436,76.42268032606208,0.0658055162377032,0.0239981526874853,0.0449018344625943,8.438846,0.2198896636818798,0.0310315975430767,0.1254606306124783,9.58803783828579,False,False,False,POINT (-8325006.843308984 901097.7094021526),COLOMBIA_2011_2,,,36.218192479375595,36.42070921818792,False,False,9.588037666803588,-1.7148220088358815e-07,False
247.0,173.88888888888889,1.1863206891890112,247.0,470412,1,1,41596.0015625,10092.709016737444,6.77237990141296e-05,23.0,334.94,311.94,71.52459623557985,48.524596235579835,311.94,0.0732413932766481,0.8720000000081422,-0.0043730255163845,0.870333333344415,-7.281323876141227e-06,0.0283111111118448,-9.71293481778028e-06,0.0372888888886529,49380.00000000135,24683.41600000067,24832.93651612971,25318.878193549077,24552.585548387768,24113.36903225872,35.0,36.86706348387033,36.03037393548364,37.27234468818289,35.938734193546814,61204500011,61204500010271,1952.537,11670.573874104608,9.162367,635.4621935484065,570.0469677419496,0.0017217900533006,0.0030363395788329,25.423707446497993,44.83415908489482,35.1289332656964,0.0573880442058866,0.1016212821976981,0.0795046632017924,9.162367,0.0913180566099015,0.1455530535544009,0.1184355550821512,4.1605147198632695,False,False,False,POINT (-8326310.6150088655 900190.2076725448),COLOMBIA_2011_2,36.39254120612925,36.39254120612925,36.34125310405573,36.86706348387033,False,False,4.160514710766603,-9.096666531149822e-09,False
189.0,7.836734693877551,1.29803112937233,189.0,472233,1,1,41575.360546875,2047.2000555470584,6.77237990141296e-05,29.0,220.16,191.16,45.163013481364,16.163013481363993,191.16,0.0363187830687815,1.0476666666643324,-0.0007113756613804,0.6156666666705396,-8.825346913217255e-09,0.0349222222220666,8.825346495355038e-09,0.0317111111113209,37799.99999999908,18594.510967741488,18973.649032257606,19824.921290322105,18387.058064515688,17600.167741935064,35.0,38.16787354839499,35.323228387096364,41.03332903225622,36.33,61204500011,61204500010361,1952.537,11670.573874104608,9.377589,1230.4103225806175,994.343225806424,0.0033416396822618,0.0059771087422379,49.34217706193164,88.25713898582298,68.79965802387731,0.1752922236275388,0.4808563913786596,0.3280743075030992,9.377589,0.3033450454374383,0.5015499220808484,0.4024474837591433,27.688249289132937,False,False,False,POINT (-8327598.55506446 900625.0889110207),COLOMBIA_2011_2,,,36.524054945027615,38.16787354839499,False,False,27.688249255198983,-3.3933954313170034e-08,False
420.0,87.04,1.176282844329946,420.0,473812,1,1,41557.05625,3055.2905589032284,6.77237990141296e-05,24.5,143.95,119.45,46.624766154944666,22.124766154944663,119.45,0.038400000000001,0.6153333333325874,-0.000663571428572,0.6153333333325874,-9.011154777573746e-07,0.0192888888888382,9.09054821543278e-07,0.0324888888888101,83999.99999999977,42131.87096774182,42465.703225806334,44293.832258064394,41670.86451612892,41146.270967741824,35.5,38.57,35.0115569892469,41.941182795681456,38.08796559139869,61204500011,61204500010441,1952.537,11670.573874104608,7.384086,2161.9612903225716,985.5999999999984,0.0019464944465168,0.0073451478936114,28.74166061048612,108.45741084428832,68.59953572738722,0.2512513689138462,0.7077983727183051,0.4795248708160756,7.384086,0.4819070377502513,0.5218272382367654,0.5018671379935083,34.427852718539974,False,False,False,POINT (-8328992.976965476 900207.1340958911),COLOMBIA_2011_2,,,36.714738033071065,38.57,False,False,34.427852663187245,-5.5352728622892755e-08,False
312.0,20.0,1.242619926608176,312.0,475431,1,1,41540.69921875,4345.3423894007565,0.0001979118544761,26.8,83.06,56.260000000000005,41.76158173076923,14.96158173076923,56.260000000000005,0.0278245951579349,0.6166666666630772,-0.0004675324675307,0.6166666666630772,-1.0694043148453645e-08,0.0199999999997673,1.0694043320177076e-08,0.0211111111108652,62369.9999999987,31436.357806450957,31176.68399999935,30763.56658064452,31707.834967741273,35284.251483870234,36.0,48.40330400001118,38.0090443870967,36.934330064516494,34.272914193548544,61204500021,61204500020011,1950.889,11659.873246833557,11.575315,672.7912258064352,3847.893677419277,0.0251605454061627,0.0007441571355632,127.130057331665,3.760043265387936,65.44505029852647,0.9914372929938116,0.0006242615832921,0.4960307772885519,11.575315,0.8979677540450935,0.2299216799687913,0.5639447170069425,36.90739045684886,False,False,False,POINT (-8330220.052405403 901308.6610038311),COLOMBIA_2011_2,,,36.92710403942323,36.934330064516494,False,False,36.90739037010763,-8.674123108676214e-08,False
279.0,161.6,1.242619926608176,279.0,477013,1,1,41522.00546875,4345.3423894007565,0.0001979118544761,31.75,485.09,453.34,78.47017195056421,46.72017195056421,453.34,0.0768919354838842,0.9039999999938064,-0.0074890681003599,0.9039999999938064,9.383778608834588e-07,0.0301333333329204,9.383778624347264e-07,0.0313777777773589,55799.99999999859,27903.119999999293,27142.79999999931,26361.35999999933,28114.319999999287,28547.27999999928,36.5,40.39440000001323,38.23711999999982,38.110079999998774,37.02424000000014,61204500021,61204500020091,1950.889,11659.873246833557,11.709533,1541.759999999962,644.1599999999853,0.0027606470071314,0.0025079453009301,13.94887140257102,12.672031736396011,13.310451569483517,0.2780474079904579,0.0829653492155781,0.180506378603018,11.709533,0.1842327956216023,0.0927312814267343,0.1384820385241683,1.843258470265764,False,False,False,POINT (-8331630.813006457 900962.4256165905),COLOMBIA_2011_2,38.601180344927826,38.601180344927826,37.13859442253709,38.110079999998774,False,False,1.8432584670192933,-3.2464706478663174e-09,False
476.0,119.91666666666669,1.3400162091893442,1357.0,478620,2,2,41502.5328125,3396.7937297170247,0.0001979118544761,34.84,910.9,876.06,181.80260869565217,146.96260869565216,876.06,0.1127458766677208,1.5759999999912355,-0.0072862695661472,1.5759999999912355,-1.0263416002787915e-06,0.0424111111106379,-1.0263415995312117e-06,0.0497666666667817,95189.9999999973,47690.39470967606,48879.34851612764,50572.706967740494,46609.5276129019,45582.70387096644,37.0,39.64441913978683,37.217844946233505,40.34,37.50729612903348,61204500021,61204500020171,1950.889,11659.873246833557,10.276561,2882.312258064434,2107.690838709619,0.001432994998672,0.0027587050751947,7.240571831664257,13.939059297369722,10.58981556451699,0.2219003273494227,0.2895864718219785,0.2557433995857006,10.276561,0.2361270656159508,0.2756470643210823,0.2558870649685166,2.709796825619464,False,False,False,POINT (-8332031.270267457 899421.8441273763),COLOMBIA_2011_2,,,37.36404666796019,39.64441913978683,False,False,2.709796823362167,-2.257296571883671e-09,False
424.0,848.96,1.3400162091893442,1357.0,480220,2,2,41483.8390625,3396.7937297170247,0.0001979118544761,25.52,131.54,106.02,49.43712415988681,23.917124159886807,106.02,0.0369991743335739,0.7223333333341213,-0.0010520169851358,0.4936666666671994,-1.9665683380984837e-06,0.0240444444444969,1.9665683382560043e-06,0.0241222222222763,84780.00000000463,42442.87354838941,43100.693419357194,43662.246967744315,42057.80825806681,41640.65419355066,37.0,39.00138683871328,37.70632929032447,40.2,39.00174451613401,61204500021,61204500020251,1950.889,11659.873246833557,10.381399,1219.3734193549026,802.2193548387513,0.002306204902101,0.0028724530884851,11.652687041945384,14.513800075740276,13.083243558842833,0.1365965477637643,0.2520543050302913,0.1943254263970278,10.381399,0.1247478830539902,0.1154233147060422,0.1200855988800162,1.57110914137626,False,False,False,POINT (-8333357.904253458 899075.1291830008),COLOMBIA_2011_2,35.6869736926255,35.6869736926255,37.58332343775854,39.00138683871328,False,False,1.5711091380567566,-3.3195033388722095e-09,False
202.0,85.13888888888889,1.0414137040618914,202.0,481821,1,1,41464.755859375,2687.576747478158,0.0001979118544761,27.5,66.47,38.97,40.67244246473645,13.17244246473645,38.97,0.0262320455671173,0.3753333333333787,-0.0002989103516569,0.3753333333333787,-2.47831472540989e-08,0.0121666666668464,7.434944217265966e-08,0.014299999999997,40379.99999999981,20204.60211307692,20445.38163721911,23142.112307611704,19674.887159964088,17243.01396612791,37.5,39.31589048684465,35.46385025651778,39.25190660113388,37.21767132204271,61204500021,61204500020331,1950.889,11659.873246833557,12.636762,2937.510194534785,2961.5881469490087,0.0014284111762401,0.0008364890420317,7.217410902552472,4.2265737150815825,5.721992308817027,0.1203786696781753,0.1153153567308035,0.1178470132044894,12.636762,0.3048281063081564,0.1609775731386862,0.2329028397234213,1.332668258102521,False,False,False,POINT (-8334827.723538375 899555.0107027476),COLOMBIA_2011_2,37.22666131237934,37.22666131237934,37.794693767866264,39.25190660113388,False,False,1.3326682575990616,-5.034594963149175e-10,False
439.5,172.25,1.1088680999609373,439.5,483423,1,1,41445.67265625,4613.924355692775,0.0001979118544761,21.0,188.24,167.24,46.38154213578983,25.381542135789832,167.24,0.0409480091012494,1.0910000000085334,-0.0007386803185171,1.0910000000085334,-1.5515344635324674e-06,0.0363444444450133,1.5515344648557466e-06,0.0363444444450133,87900.00000000156,43960.61575891857,43368.26954355956,41746.36919198131,44355.513235824576,45244.032558863095,37.5,39.608718782825065,37.34545639732709,39.02517107860811,37.99209767658794,61204500021,61204500020411,1950.889,11659.873246833557,10.276561,2214.246566937254,1283.4167999445272,0.0013954386173603,0.0011626909782047,7.050808659512693,5.8747919940549105,6.4628003267838015,0.1556483926383817,0.0988640610480157,0.1272562268431987,10.276561,0.2202353866724456,0.1005271512542154,0.1603812689633305,1.0365121183348598,False,False,False,POINT (-8336312.918756762 899346.9714279186),COLOMBIA_2011_2,,,38.00918842567639,39.02517107860811,False,False,1.0365121174662135,-8.686462660278949e-10,False
233.0,246.96,1.0243623226142635,233.0,485019,1,1,41428.147265625,2123.072348173538,0.0001979118544761,34.2,159.19,124.99,51.40972329472329,17.209723294723293,124.99,0.0405108392358982,0.5809999999966707,-0.0001416613007146,0.5809999999966707,1.4318442834056682e-08,0.0142222222220592,1.4318441110491821e-08,0.0236111111108412,46590.00000000079,23271.153935484268,23112.447354839103,22177.841935484248,23905.980258064927,24188.12529032299,38.0,39.80585088172021,38.16522795698974,39.70794077419555,38.82625058064629,61204500021,61204500020491,1950.889,11659.873246833557,12.494829,1093.31200000002,916.9713548387226,0.0017554177292354,0.0031249537990017,8.869694712741147,15.78962416007838,12.329659436409765,0.1184805050318754,0.1106444554397911,0.1145624802358333,12.494829,0.1313041518799875,0.0705644065676497,0.1009342792238186,1.244485291582114,False,False,False,POINT (-8337329.784745498 898130.558487688),COLOMBIA_2011_2,35.92964442772122,35.92964442772122,38.32545711303278,39.70794077419555,False,False,1.2444852882891737,-3.292940586874238e-09,False
277.0,126.96,1.003176188479259,277.0,486621,1,1,41409.84296875,2480.3323775381173,0.0001182857673066,25.02,117.49,92.47,47.622950730914994,22.602950730915,92.47,0.0301518598772143,0.5160000000011509,-0.0012016973636566,0.3923333333342081,-3.498946100564172e-06,0.0172000000000767,-3.498946100352538e-06,0.0172000000000767,55380.000000001135,27693.0965161296,27923.667870968315,28280.00541935542,27441.56412903282,27095.70709677475,38.0,40.91422141935477,38.60665763440775,39.19562391397837,38.46760946236592,61204500031,61204500030061,1948.258,11642.791521368828,11.921221,586.9089032258198,597.3894193548513,0.0064757805875804,0.0021049577762069,54.746912794631136,17.795528778630405,36.27122078663077,0.1824421934519816,0.0382793294958876,0.1103607614739346,11.921221,0.1935677381492226,0.061068782435327,0.1273182602922748,4.617988742246712,False,False,False,POINT (-8338753.23305758 897303.5243404832),COLOMBIA_2011_2,39.38044844120331,39.38044844120331,38.73928752904675,39.19562391397837,False,False,4.617988729230827,-1.301588437030432e-08,False
393.0,833.265306122449,1.1143862213393467,393.0,488233,1,1,41391.14921875,3671.974920316777,0.0001182857673066,25.0,125.98,100.98,50.45592521938191,25.45592521938192,100.98,0.0409983460559793,0.535000000000008,-0.0009296437659033,0.4366666666666665,-2.757625897286451e-07,0.0174777777777769,-4.794026560267123e-07,0.0198777777777122,78600.00000000055,39376.03718015984,39730.1671037117,40165.65119889034,38997.97955907069,38227.50769837003,38.5,39.77288772343627,39.25855039963,39.60797955907046,37.845005132246534,61204500031,61204500030141,1948.258,11642.791521368828,10.408497,789.6140187304991,1148.5294817898102,0.0011810702809116,0.0022881749671331,9.98488920353617,19.344465688776573,14.664677446156372,0.0539083348621299,0.0380647266522026,0.0459865307571663,10.408497,0.0494151387857696,0.1693783864110181,0.1093967625983939,1.6042682397709804,False,False,False,POINT (-8340238.364485346 896962.1488347123),COLOMBIA_2011_2,38.3767729765883,38.3767729765883,39.21178292784046,39.60797955907046,False,False,1.60426823715919,-2.6117905616018792e-09,False
474.0,261.83673469387753,1.1628988048041071,474.0,489831,1,1,41372.844921875,7647.647750432771,0.0001182857673066,21.45,140.67,119.21999999999998,52.64618670886076,31.19618670886076,119.21999999999998,0.040706974781051,0.5180000000022301,-0.0006126411311589,0.5180000000022301,-2.462880849597098e-08,0.0154222222223569,-3.870241384692892e-08,0.0173444444445607,94770.0000000024,47444.10387096894,47157.14438709797,46816.38000000118,,,38.5,40.81713367740782,39.98453999999936,,,61204500031,61204500030221,1948.258,11642.791521368828,10.318001,627.7238709677549,,0.0024433118790921,,20.6560090425675,,20.6560090425675,0.1138363600760095,,0.1138363600760095,10.318001,0.0806933123391298,,0.0806933123391298,1.666801794226507,False,False,True,POINT (-8341602.070956034 897713.7537590088),COLOMBIA_2011_2,40.07718180823708,40.07718180823708,39.64256988647083,40.81713367740782,True,True,1.6668017893517892,-4.874717740577239e-09,False
256.0,27.222222222222225,1.1628988048041071,256.0,491432,1,1,41352.20390625,7647.647750432771,0.0001182857673066,21.0,81.58,60.58,49.92167545401289,28.921675454012885,60.58,0.0346313012895662,0.4236666666653823,-0.0011475185619353,0.4060000000002954,7.103290974306935e-07,0.0128000000000275,-7.103290973225088e-07,0.0267333333333191,51179.99999999859,25602.547354838003,25457.262193547685,24818.00748387028,25738.14683870897,26542.058064515397,39.0,41.36,39.59266916129019,42.13258735483747,40.31588387096815,61204500031,61204500030301,1948.258,11642.791521368828,12.678728,784.5398709677247,939.5107096773936,0.0027646739385572,0.0022598309655237,23.37283682990518,19.104842594174208,21.23883971203969,0.1077485108698102,0.1686842209743064,0.1382163659220583,12.678728,0.1393933869951157,0.1432875193686084,0.1413404531818621,3.0019072341958752,False,False,False,POINT (-8343193.242758482 897602.2668664223),COLOMBIA_2011_2,37.94981997587803,37.94981997587803,39.99388583052812,41.36,False,False,3.00190722995662,-4.2392551691250455e-09,False
346.0,101.67346938775508,1.1628988048041071,346.0,493046,1,1,41335.06796875,7647.647750432771,0.0001182857673066,36.5,364.81,328.31,68.08934113567405,31.589341135674037,328.31,0.0488363688927404,0.8490000000021427,-0.0026360219716629,0.7200000000018181,-3.0368763560838612e-06,0.022122222222334,-3.0368763553299972e-06,0.0295000000001486,69180.00000000303,34606.960258066036,34855.71070967895,35130.645419356384,34253.47277419505,33441.76077419501,39.5,42.30855354839443,39.99043027957129,40.854351483869806,40.072746408601645,61204500031,61204500030381,1948.258,11642.791521368828,11.755974,523.6851612903483,1165.1994838710234,0.0084315409397063,0.0009629093499975,71.28111125873329,8.140534334123807,39.710822796428545,0.1674156032765678,0.0437166276897175,0.1055661154831427,11.755974,0.1971868318884625,0.0664857778069397,0.1318363048477011,5.235328157648077,False,False,False,POINT (-8344409.54347314 896633.2789962135),COLOMBIA_2011_2,40.1622790196152,40.1622790196152,40.34041990166518,40.854351483869806,False,False,5.235328139942992,-1.770508450960051e-08,False
566.0,2166.64,1.1712597761707877,566.0,494631,1,1,41316.37421875,7604.5245086497425,0.0001182857673066,25.0,835.16,810.16,134.04478802331744,109.04478802331744,810.16,0.0973894336955605,1.6443333333061654,-0.0034380245604661,1.1883333333441424,-1.6584187590131909e-06,0.0479111111097399,-1.658418757180814e-06,0.0438555555564983,113189.99999999977,56606.66708444248,57007.187301660655,57672.66704719239,,,39.5,44.73219047510338,40.13577765093617,,,61204500031,61204500030461,1948.258,11642.791521368828,10.802406,1065.9999627499128,,0.0069069161730649,,58.39177722170077,,58.39177722170077,0.3742610399707642,,0.3742610399707642,10.802406,0.4254989882964231,,0.4254989882964231,24.845642169764993,False,False,True,POINT (-8345141.015308104 895199.5237476351),COLOMBIA_2011_2,40.97956195195999,40.97956195195999,40.68927039709592,44.73219047510338,True,True,24.8456421326638,-3.710119145239332e-08,False
317.0,353.36,1.1712597761707877,317.0,496234,1,1,41300.0171875,7604.5245086497425,0.0001182857673066,39.5,83.05,43.55,59.29219489120151,19.79219489120151,43.55,0.0410214544880802,0.6079999999977145,-1.971919862441764e-05,0.5276666666662829,2.683080800155247e-07,0.0164333333332064,-2.6830808090149645e-07,0.037855555555439,63390.00000000188,31626.566064517065,31866.493806452556,33054.136129033235,31410.631096775123,31026.746709678337,40.0,43.044847784943066,40.309773118277406,43.01294511828486,42.06550219354753,61204500031,61204500030541,1948.258,11642.791521368828,11.787003,1427.5700645161703,599.819354838728,0.0023029447606915,0.0024680423432548,19.469331037285748,20.865082921240827,20.167206979263288,0.1662596727994778,0.1635530760546048,0.1649063744270413,11.787003,0.2320415687232505,0.0803803074231278,0.1562109380731892,3.1503383260452393,False,False,False,POINT (-8346239.377603513 894041.5942184658),COLOMBIA_2011_2,42.69569373698275,42.69569373698275,41.08514435661693,43.01294511828486,False,False,3.150338320546887,-5.498352440014287e-09,False
437.0,87.88888888888887,1.0011822841421056,991.0,497855,2,2,41281.3234375,1277.097709711216,0.0001182857673066,26.28,156.79,130.51,63.548201784488676,37.268201784488674,130.51,0.0472174161803364,0.757999999997472,-0.0008942670786003,0.554333333331485,-2.651862027240602e-06,0.0208888888887496,2.712912088598783e-06,0.0251555555558372,87390.00000000237,43682.743373154146,44054.5675443092,44763.78772262348,,,40.5,42.43831549363718,40.31126257420738,,,61204500031,61204500030621,1948.258,11642.791521368828,10.318001,1081.0443494693318,,0.0029991432582845,,25.35506448980205,,25.35506448980205,0.0863971693449673,,0.0863971693449673,10.318001,0.206149710533057,,0.206149710533057,5.226939212438272,False,False,True,POINT (-8347709.18263389 894231.6072907195),COLOMBIA_2011_2,,,41.546869327541465,42.43831549363718,True,True,5.226939205119687,-7.318584849258514e-09,False
424.0,1695.36,1.283280168106031,933.0,499461,2,2,41263.019140625,4866.717727903424,0.0001729318195902,27.5,126.75,99.25,55.37368942341704,27.873689423417048,99.25,0.0413231894314758,0.589333333340766,-0.0006076904930526,0.589333333340766,-2.1435594884615865e-06,0.0164111111107907,-2.143559489285687e-06,0.0267111111116456,84779.99999999817,42557.5691785714,42983.752265056304,44087.95389822173,42102.32815437162,41501.79744159744,41.0,42.404165156628835,40.853938530962935,44.07959353460518,42.560337597337025,61204500041,61204500040031,1944.878,11620.849849191402,9.992849,1530.3847196503266,1055.771736973962,0.001403934370046,0.0025298555135007,8.11842709671953,14.629207739187583,11.373817417953555,0.0380526146452817,0.2057153312853139,0.1218839729652978,9.992849,0.1551335986029509,0.1520343134643739,0.1535839560336624,1.7468358766714458,False,False,False,POINT (-8348907.460403547 895318.0493348903),COLOMBIA_2011_2,43.118322426975205,43.118322426975205,42.02391108637073,42.404165156628835,False,False,1.7468358742538834,-2.417562372514226e-09,False
330.0,13273.38775510204,1.283280168106031,933.0,501072,2,2,41246.27265625,4866.717727903423,0.0001729318195902,23.0,131.85,108.85,62.93109041344844,39.93109041344843,108.85,0.0491621212121189,0.6743333333289174,-0.0014121212121258,0.6743333333289174,-4.042241423887661e-07,0.0196555555552591,-4.0422414277718644e-07,0.0217444444443052,66000.00000000116,32848.558904475096,33216.879983351275,33352.18160416293,,,41.5,44.06394670551461,43.488242923620696,,,61204500041,61204500040111,1944.878,11620.849849191402,11.330382,503.6226996878322,,0.0042549658620893,,24.604875332789938,,24.604875332789938,0.1393052904742057,,0.1393052904742057,11.330382,0.050810624204366,,0.050810624204366,1.2501890833577238,False,False,True,POINT (-8350239.746167429 896219.4629896913),COLOMBIA_2011_2,,,42.48556441051561,44.06394670551461,True,True,1.2501890741296664,-9.22805742931132e-09,False
324.0,387.36,1.0115326984729818,324.0,502655,1,1,41228.3578125,1409.259890947302,0.0001729318195902,36.0,109.15,73.15,59.97950925925926,23.979509259259263,73.15,0.0505698625906975,0.5510000000008018,4.955998149237472e-05,0.5510000000008018,1.3695808873385265e-06,0.0183666666667201,1.36958088875382e-06,0.0183666666667201,64769.99999999859,32400.87909677348,32008.637548386396,31775.74412903156,32829.89329032186,33001.49896774121,42.0,44.114541505377325,43.11638812903226,42.91670223655918,42.64602339786127,61204500041,61204500040191,1944.878,11620.849849191402,11.330382,625.1349677419203,600.6198709677301,0.004285880532066,0.0015773303144226,24.78364330070865,9.121110956679466,16.95237712869406,0.1062676955428973,0.0005484741522221,0.0534080848475597,11.330382,0.0880952977882886,0.0238896480893505,0.0559924729388195,0.9492055220855402,False,False,False,POINT (-8351334.373465691 895169.116052855),COLOMBIA_2011_2,42.8645181119136,42.8645181119136,42.910487814348905,42.91670223655918,False,False,0.949205517627066,-4.458474145430102e-09,False
393.0,1.836734693877551,1.281829210159937,393.0,504284,1,1,41209.6640625,2091.088750908217,0.0001729318195902,23.0,177.59,154.59,67.73564669973292,44.735646699732925,154.59,0.0423656488549656,0.5970000000006342,-0.0012050890585312,0.511333333333876,-2.1212506543755124e-08,0.0170222222222584,-2.1212507384832473e-08,0.0247444444445572,78600.00000000281,39304.39483871109,39631.641290324,40152.26064516273,38917.649032259455,38649.90193548525,42.0,44.67054709677456,42.88591311827923,43.879006451606834,43.37330064516159,61204500041,61204500040271,1944.878,11620.849849191402,9.992849,847.8658064516421,654.4929032258369,0.0034279055484217,0.0018887443062845,19.822295032486863,10.92190153761376,15.372098285050312,0.1351951083893734,0.0559844082219808,0.0955897583056771,9.992849,0.1785911083511154,0.0506067695454261,0.1145989389482708,1.761626157376216,False,False,False,POINT (-8352300.466720393 894266.9468160096),COLOMBIA_2011_2,43.18273374576509,43.18273374576509,43.31956265790581,43.879006451606834,False,False,1.761626152875299,-4.5009169724608e-09,False
433.5,177.55555555555554,1.0060882307654295,433.5,506068,1,1,41187.07578125,3034.4524171350763,0.0001729318195902,21.0,282.4,261.4,67.14403320650293,46.14403320650294,261.4,0.0551243367935382,0.7320000000017307,-0.00281660899654,0.7320000000017307,-4.157532402741268e-06,0.0244000000001153,-4.157532402539181e-06,0.0244000000001153,86699.9999999995,43130.409592119075,43374.285799736135,43732.92728152594,42924.78847589292,42570.92888052698,42.5,44.82428819234309,44.22528485435049,43.73873085535582,42.70752298526207,61204500041,61204500040361,1944.878,11620.849849191402,9.992849,602.5176894068645,559.4807115920921,0.0016702009297225,0.0029141724025122,9.65814697191323,16.85156849339843,13.25485773265583,0.108633406584435,0.0,0.0543167032922175,9.992849,0.0599431991809942,0.1031945814545733,0.0815688903177837,1.0811840396022705,False,False,False,POINT (-8354043.085785874 894742.8234708661),COLOMBIA_2011_2,,,43.73873085535582,43.73873085535582,False,False,1.0811840365728318,-3.0294386998974687e-09,False
438.0,464.9795918367347,1.019434897675536,933.0,507687,2,2,41167.603125,5483.655500786313,0.0001729318195902,21.0,214.07,193.07,70.53315645326944,49.53315645326943,193.07,0.0433949771689515,0.5299999999998715,-0.0021728310502283,0.4983333333331932,-8.831030413359851e-07,0.0158666666666589,1.438848920759163e-06,0.0207333333333207,87600.00000000227,43854.63225806565,43672.27354838823,43224.66580645273,44219.3496774205,44434.86451613018,42.5,46.13788645163115,43.22177806451555,44.00065032257884,43.11674838714861,61204500041,61204500040441,1944.878,11620.849849191402,9.902354,629.9664516129196,580.2322580645341,0.0065148747606357,0.0041013506848109,37.67308281422206,23.71657624681198,30.69482953051702,0.2158310956385935,0.0,0.1079155478192967,9.902354,0.2944863804218269,0.0892617993085513,0.1918740898651891,5.8895424983058255,False,False,False,POINT (-8355573.598920325 895227.0948943063),COLOMBIA_2011_2,44.02865985952294,44.02865985952294,44.00065032257884,44.00065032257884,False,False,5.889542479735084,-1.85707413891123e-08,False
508.0,278.1388888888889,1.019434897675536,933.0,509272,2,2,41146.962109375,5483.655500786313,0.0001729318195902,19.0,188.83,169.83,64.87357838795394,45.87357838795394,169.83,0.0406548533175812,0.6443333333331379,-0.001476274857252,0.530999999999871,-5.481700312439757e-07,0.0176777777777691,5.547349418098455e-07,0.021511111111098,101580.0000000042,50803.49160919807,51172.60729822202,51606.48012567122,49048.57315787369,48582.32176121186,43.0,44.941891976733295,43.42,47.51858526300016,44.77875077616412,61204500041,61204500040521,1944.878,11620.849849191402,9.624025,802.9885164731531,2221.16984798621,0.0035076913716238,0.0058763030000035,20.28366659146985,33.980461281959194,27.132063936714523,0.0474065685860661,0.3151420554048743,0.1812743119954702,9.624025,0.1581346657696019,0.2846869669224722,0.2214108163460371,6.007332438560821,False,False,False,POINT (-8357164.713988782 895471.4684168188),COLOMBIA_2011_2,,,44.48564992809021,44.941891976733295,False,False,6.007332425380835,-1.3179985991484957e-08,False
243.0,8.0,1.011865670956249,243.0,510889,1,1,41126.710546875,1762.2374952474115,0.0001729318195902,34.97,103.67,68.7,65.45765432098766,30.487654320987655,68.7,0.0611025324274413,0.5150000000004995,-0.0005742227712504,0.5036666666671553,-6.661172904684965e-07,0.0168888888889251,2.9322895213575663e-06,0.0206444444444845,48569.99999999863,24259.656615391617,24034.772445557424,23845.513490746467,24477.86105740895,24687.159195670483,45.0,45.88409184814066,44.98028864496479,45.67215721050048,44.83189386955285,61204500041,61204500040601,1944.878,11620.849849191402,12.226133,414.14312464515024,427.50258027886593,0.0047754844641468,0.0040146718165404,27.614839625601483,23.215344787639896,25.41509220662069,0.0872131788174825,0.0698786201057766,0.0785458994616296,12.226133,0.0739238811794273,0.0687268280941839,0.0713253546368056,1.8127404739078508,False,False,False,POINT (-8358740.571798624 895148.805137169),COLOMBIA_2011_2,44.932728448382214,44.932728448382214,44.81781183735216,45.67215721050048,False,False,1.8127404647643364,-9.143514390075325e-09,False
332.0,104.12244897959182,1.0281201326944096,332.0,512500,1,1,41108.016796875,2161.438712017015,0.0001729318195902,21.0,165.57,144.57,72.07817524841916,51.07817524841916,144.57,0.0431852688657987,0.4700000000013677,-0.0012804639252834,0.4700000000013677,-2.310628889371237e-07,0.0130000000000736,3.516174406382422e-07,0.0153444444443963,66389.99999999983,33223.84038709669,33073.070838709595,31653.324258064436,33575.63599999991,33764.097935483784,45.0,45.7769291612903,44.56889191397846,45.47684933333322,44.8912027526881,61204500041,61204500040681,1944.878,11620.849849191402,11.330382,1570.5161290322503,540.2575483870969,0.0008508823073988,0.0031075059058158,4.920333975639558,17.969543795813482,11.44493888572652,0.0555824488893261,0.029097922465367,0.0423401856773465,11.330382,0.1066192867382437,0.0516881584967848,0.0791537226175143,0.9059095218375636,False,False,False,POINT (-8360210.294480043 894653.5389317594),COLOMBIA_2011_2,,,45.14715872729631,45.47684933333322,False,False,0.9059095179352004,-3.9023632103507574e-09,False
170.0,175.8888888888889,1.2051512659631738,170.0,514086,1,1,41087.37578125,2802.35330535387,0.0001729318195902,43.0,113.9,70.9,69.13845679012346,26.138456790123456,70.9,0.0535225066195868,0.4679999999995741,-0.0007240364813102,0.4679999999995741,-1.5999214764194902e-06,0.0150222222220858,1.599921476364903e-06,0.0150222222220858,33989.99999999988,16224.998580645108,16514.461806451556,17350.68890322575,15768.28993548382,15395.203999999949,45.0,47.0378935053772,44.87287406451619,46.27,45.77479599999999,61204500041,61204500040761,1944.878,11620.849849191402,13.678645,1125.6903225806418,829.7945806451589,0.0025890328675352,0.0013273188602793,14.971408232854683,7.67538827397236,11.323398253413522,0.1128906288111521,0.0567525062676492,0.0848215675394006,13.678645,0.1582773323571895,0.0362027086747273,0.0972400205159584,1.1010874803347763,False,False,False,POINT (-8361801.338609662 894632.4896403857),COLOMBIA_2011_2,46.18057184168471,46.18057184168471,45.49370255715205,46.27,False,False,1.1010874784722986,-1.8624777275988434e-09,False
303.5,412.0,3.181682818478374,303.5,515683,1,1,41067.80698529412,2838.551799590325,7.78722440971954e-05,30.5,102.79,72.29,53.300187747035565,22.800187747035572,72.29,0.0430748063931312,0.5386666666608856,-0.0004957983193265,0.5386666666608856,-1.3188262536773642e-07,0.0179555555551701,1.4287284347651853e-07,0.0265888888887144,60689.99999999992,30313.937161290283,29820.06412903222,28625.580516128994,30624.04348387093,30865.23729032254,45.0,46.78993587096844,44.22444468818867,46.55205797849454,46.41523729032253,61204500051,61204500050021,1952.162,11668.138893378038,10.410646,1688.3566451612896,551.3001290322572,0.0021477826509452,0.000567264514863,27.58084958055852,7.284553327563272,17.432701454060897,0.0893750717452324,0.0665255896262148,0.0779503306857236,10.410646,0.2464295859046377,0.013142382151118,0.1297859840278779,2.262520315915727,False,False,False,POINT (-8362300.976800952 893230.109221329),COLOMBIA_2011_2,45.796017496202666,45.796017496202666,45.859483548429154,46.55205797849454,False,False,2.262520312479511,-3.436216200469744e-09,False
428.5,696.4722222222222,2.202342057818862,428.5,517317,1,1,41066.798828125,8123.49141191907,7.78722440971954e-05,27.0,98.82,71.82,58.42648582429121,31.426485824291216,71.82,0.0344605508870038,0.742333333331173,-0.0006234827264232,0.4119999999987009,-3.813971597871966e-07,0.0224777777776414,-4.670169291723979e-07,0.0247444444449725,85679.99999999873,42877.22012903162,43331.23199999936,43882.532129031606,42147.55819354776,41288.17858064455,46.0,47.51625600000028,46.0824464516146,48.12383690323232,46.01272619354799,61204500051,61204500050101,1952.162,11668.138893378038,9.26575,1005.3119999999836,1589.0415483870747,0.0026007785419927,0.0024565520004551,33.3980171259305,31.545925367054483,32.471971246492494,0.1376361764473307,0.2032089404069969,0.1704225584271638,9.26575,0.1547429564132079,0.2278402406372212,0.1912915985252146,6.211615296243597,False,False,False,POINT (-8363545.424811247 893016.1928996466),COLOMBIA_2011_2,46.34322587773753,46.34322587773753,46.24095346044725,47.51625600000028,False,False,6.211615287006355,-9.237242082349441e-09,False
258.0,101.67346938775508,1.003560919538913,258.0,518921,1,1,41059.72189621041,2155.528710158785,7.78722440971954e-05,44.0,105.23,61.23,60.79373619988378,16.793736199883785,61.23,0.0422697674418641,0.5673333333274168,2.7131783200163967e-06,0.5673333333274168,4.783142650260444e-07,0.0187333333329426,4.783142672776735e-07,0.0225888888888403,51599.99999999936,25773.58967741904,25461.10451612872,24992.37677419324,26310.673548386774,27492.25806451579,46.5,47.22593032258088,46.78079225806436,47.851019354847985,44.92591397849472,61204500051,61204500050181,1952.162,11668.138893378038,11.112127,781.2129032258017,1718.66838709675,0.000949672963091,0.0024755786267922,12.195268983204503,31.79025666323947,21.992762823221987,0.0528561001427197,0.1091089647845872,0.0809825324636535,11.112127,0.0400587632337643,0.2632354162576854,0.1516470897457248,3.3351384815919496,False,False,False,POINT (-8364315.3454433475 894434.4388899319),COLOMBIA_2011_2,,,46.63858657221416,47.22593032258088,False,False,3.3351384776095863,-3.982363327992289e-09,False
675.0,561.2222222222222,1.2328791800338217,675.0,520510,1,1,41054.00482536765,6753.623147685795,7.78722440971954e-05,18.0,397.82,379.82,68.906514107976,50.906514107976015,379.82,0.0386775555555516,1.5119999999996336,-0.0027815555555547,1.5119999999996336,-1.39784149599044e-06,0.0503999999999755,1.417598972810978e-06,0.0503999999999755,134999.9999999907,67497.04552757078,67311.23787720659,66662.4341144595,67972.22574817429,68106.25093860092,46.5,49.33,47.39811371486217,47.84740858272451,47.63458552340089,61204500051,61204500050261,1952.162,11668.138893378038,9.089242,834.6114131112845,609.2054110301397,0.0029776126358768,0.0015879332613386,38.23714945418066,20.39151792462341,29.314333689402034,0.2524226246616314,0.0893076746844456,0.1708651496730385,9.089242,0.2125464681364879,0.023414830337186,0.117980649236837,3.45852413303342,False,False,False,POINT (-8365074.762511555 895805.9408427556),COLOMBIA_2011_2,,,47.03566942575264,47.84740858272451,False,False,3.458524120620935,-1.2412484817758695e-08,False
532.0,490.88888888888886,1.2328791800338217,990.0,522122,2,2,41047.93772977941,6753.623147685795,7.78722440971954e-05,19.0,144.37,125.37,68.1992669861855,49.199266986185506,125.37,0.0449334461364919,0.5456666666640861,-0.0005798082346309,0.4666666666679682,4.388026968767845e-08,0.0144000000000772,-4.3880269483288455e-08,0.0238666666667584,106379.99999999968,53553.08776857424,53343.54044703418,52440.58198876155,,,46.5,49.27801091032697,47.49980600374649,,,61204500051,61204500050341,1952.162,11668.138893378038,9.149561,1112.5057798126873,,0.0019693097598453,,25.288981750510978,,25.288981750510978,0.199837261824495,,0.199837261824495,9.149561,0.1943486585400629,,0.1943486585400629,4.914879684444766,False,False,True,POINT (-8366650.623945328 895617.2301539496),COLOMBIA_2011_2,47.64902050849257,47.64902050849257,47.44958749335352,49.27801091032697,True,True,4.914879679055941,-5.388824497742917e-09,False
423.0,423.36,1.049373201787289,423.0,523738,1,1,41042.687358597286,2217.9909991098543,7.78722440971954e-05,27.0,110.98,83.98,56.378648936170215,29.37864893617021,83.98,0.0428539671278375,0.5310000000038798,-0.000193212723186,0.5310000000038798,-2.0621402089189506e-06,0.0155888888891171,-2.062140209726079e-06,0.0191222222225031,84570.00000000086,42267.47633722693,41725.01179645689,40893.23283394283,42617.06459683429,43032.95407809131,47.0,49.01173351325303,47.925689554743435,48.384311801055354,47.85431802603043,61204500051,61204500050421,1952.162,11668.138893378038,9.26575,1374.2435032841022,765.4777408643786,0.0013056881769662,0.00127436205443,16.76705470740784,16.364778865747276,16.56591678657756,0.121898375793739,0.0541843057526086,0.0880413407731738,9.26575,0.1172105829004227,0.0571992310417318,0.0872049069710772,1.4446292348429013,False,False,False,POINT (-8367950.388250509 894707.619189033),COLOMBIA_2011_2,48.39338503804522,48.39338503804522,47.882253515843814,48.384311801055354,False,False,1.4446292322641037,-2.578797619889883e-09,False
352.0,210.0,1.3473038445508674,352.0,525352,1,1,41037.67033724547,9732.775529742776,7.78722440971954e-05,28.5,97.75,69.25,54.325973583297824,25.825973583297827,69.25,0.0426861324239642,0.5593333333211246,-9.249786873785529e-05,0.5593333333211246,-5.780620714336849e-07,0.0174222222214304,-6.159677812341895e-07,0.0198666666658306,70380.0000000019,35180.616000000955,34687.80464516223,34021.843354839635,35486.95819354935,36006.40800000098,48.220616000001016,49.38739845161255,47.833072258066345,52.20520903225393,48.964952000002135,61204500051,61204500050501,1952.162,11668.138893378038,10.388606,1158.7726451613198,825.7920000000231,0.0023339587657704,0.0062378635736688,29.97163871195732,80.10381164671563,55.03772517933648,0.0999436793395375,0.3711841431131104,0.2355639112263239,10.388606,0.1496183601097397,0.3119048919799054,0.2307616260448226,12.70059497905268,False,False,False,POINT (-8368988.049172943 893500.0261059032),COLOMBIA_2011_2,,,48.34912284482007,49.38739845161255,False,False,12.70059495619176,-2.286092026793085e-08,False
283.0,20.0,1.2230012971593494,283.0,526948,1,1,40925.56470252253,13408.431024247817,7.78722440971954e-05,31.0,104.83,73.83,56.32811870694224,25.32811870694224,73.83,0.0387679392011169,0.5443333333282836,-0.0001610109579398,0.5443333333282836,-8.84173304276124e-08,0.0181444444441078,3.7135278459885e-07,0.0181444444441078,56580.00000000061,28303.871225806757,28132.549419355146,26687.021677419645,,,47.5,50.26523062365836,48.41,,,61204500051,61204500050581,1952.162,11668.138893378038,10.511489,1616.849548387112,,0.0012834278918029,,16.481198232852236,,16.481198232852236,0.1374392654122441,,0.1374392654122441,10.511489,0.1764955111172513,,0.1764955111172513,2.9088575079164363,False,False,True,POINT (-8370111.107467976 892342.5165354053),COLOMBIA_2011_2,48.30855075915356,48.30855075915356,48.82053915967021,50.26523062365836,True,True,2.9088575059319948,-1.984441500013645e-09,False
330.0,49.83673469387754,1.1264265831688398,330.0,528560,1,1,40859.272197358536,4984.344145065331,7.78722440971954e-05,37.65,97.44,59.79,52.06544752385279,14.415447523852794,59.79,0.0350666666666632,0.4389999999913758,0.000394848484846,0.384999999992437,4.800161699674326e-07,0.0110111111113567,4.800161695137012e-07,0.0171222222220614,66000.00000000006,32991.20000000003,32666.451612903256,30130.916129032288,33440.85161290326,34002.91612903229,48.0,50.77182795698878,46.74363870967742,50.95,49.59416774193467,61204500051,61204500050661,1952.162,11668.138893378038,10.40989,2860.2838709677453,1011.7161290322548,0.0015886936985685,0.0024122359920366,20.401283114245427,30.97683930908451,25.68906121166497,0.1437210266624936,0.16083667590524,0.1522788512838668,10.40989,0.3869579070779191,0.1302446287199321,0.2586012678989256,6.643223808571505,False,False,False,POINT (-8369937.544770307 890832.6543374208),COLOMBIA_2011_2,48.69137694962626,48.69137694962626,49.27570773502413,50.77182795698878,False,False,6.643223800469672,-8.101832982276846e-09,False
277.0,776.24,1.1264265831688398,277.0,530140,1,1,40792.97969219454,4984.344145065331,7.78722440971954e-05,31.0,105.39,74.39,65.21019491066595,34.21019491066594,74.39,0.0475323221379382,0.3906666666606501,-0.0003647526182634,0.3853333333283797,-1.4814814824479016e-06,0.0130222222218211,-1.481481480787223e-06,0.0181555555559378,55379.999999999985,27710.82819709469,28072.780597477624,29055.222827088444,27479.358600878288,27450.1800110594,49.0,56.36,54.66940579442986,50.95593780556287,50.7711400700416,61204500051,61204500050741,1952.162,11668.138893378038,10.511489,1344.394629993756,260.6481860352869,0.0017208077512293,0.006333333116336,22.097831790766495,81.32978816471709,51.71380997774179,0.6240200030787043,0.1099099963682254,0.3669649997234648,10.511489,0.1608329900331091,0.0175805478673166,0.0892067689502128,4.6132220234899375,False,False,False,POINT (-8370424.486094839 889368.2882731064),COLOMBIA_2011_2,,,49.80061997783823,50.95593780556287,False,False,4.613221898219624,-1.252703132337274e-07,False
317.0,116.16,1.4308900703041163,317.0,531963,1,1,40719.92264568728,2858.742570704418,7.78722440971954e-05,43.16,95.81,52.650000000000006,65.66434247871334,22.504342478713344,52.650000000000006,0.0403252879003047,0.5193333333273504,0.0006038807382747,0.5193333333273504,-1.4204545423519117e-07,0.0147999999996023,5.839646451484899e-07,0.0198222222218221,63389.99999999976,31602.573290322463,31230.685290322464,30738.833419354723,31914.47935483859,32142.4107096773,49.5,53.76812163440962,50.95,51.44312387096837,50.77,61204500051,61204500050831,1952.162,11668.138893378038,10.40989,863.73987096774,539.837419354837,0.0057296145344231,0.0029531867982423,73.57710826044537,37.92348393808192,55.75029609926365,0.3188355293759927,0.0954904661624349,0.2071629977692138,10.40989,0.270715793770118,0.0646619580964225,0.1676888759332703,9.34870451223264,False,False,False,POINT (-8371055.37208086 888086.9034265552),COLOMBIA_2011_2,51.506939223069374,51.506939223069374,50.449078526678235,51.44312387096837,False,False,9.348704485832506,-2.6400133634751913e-08,False
233.0,1196.4,1.0446925350266063,233.0,533554,1,1,40654.98304879194,4826.715698360144,0.0003233611182562,45.06,105.06,60.0,65.58723294723295,20.527232947232942,60.0,0.0377168920369068,0.4056666666622882,1.0946555049683309e-05,0.3983333333360385,4.939862542991041e-06,0.0123222222223895,-4.9398625428440495e-06,0.0148444444445278,46589.999999999985,23253.519870967735,23535.6649032258,23800.175870967734,22680.41277419354,21833.977677419345,50.0,53.1845831827991,52.4366080430108,64.82137591397745,56.38795535483825,61204500061,61204500060041,1909.443,11391.018558687469,10.731579,546.655999999999,1419.54219354839,0.0028277660595544,0.0099634580150514,8.744916750671196,30.812170828644312,19.778543789657753,0.1920008436085583,1.276351212443189,0.7341760280258737,10.731579,0.0696985168527671,0.7858508574683372,0.4277746871605521,8.460760396889054,False,False,False,POINT (-8369601.804728258 887373.8491220166),COLOMBIA_2011_2,50.09558917686208,50.09558917686208,51.12411076954637,53.1845831827991,False,False,8.460760382112127,-1.4776926349213682e-08,False
341.0,105.2222222222222,1.0446925350266063,1167.0,535174,2,2,40594.10217670255,4826.715698360144,0.0003233611182562,37.48,121.76,84.28,65.50962620932278,28.029626209322785,84.28,0.0475989147968862,0.6520000000094879,0.000474409737457,0.4386666666731031,1.662754305067973e-07,0.0130444444450811,1.7605633600605938e-07,0.0217333333333227,68190.00000000226,34679.52761290436,35234.43290322697,36111.95754838828,34369.8130322592,33931.05070967854,51.0,53.62226838709223,51.383404086020086,53.43542206447969,53.484396215049856,61204500061,61204500060121,1909.443,11391.018558687469,9.841469,1432.4299354839168,748.4769032258264,0.002551340649936,-0.0001116188604584,7.89006626305224,0.3451833079387006,4.11762478549547,0.1790144708783404,0.1600288597234481,0.1695216653008943,9.841469,0.2274928977647687,0.01,0.1187464488823843,0.4889533216834107,False,False,False,POINT (-8368755.825299305 885998.639725258),COLOMBIA_2011_2,56.47774789865575,56.47774789865575,51.860502842377166,53.43542206447969,False,False,0.4889533211076767,-5.757339605061418e-10,False
169.0,1169.04,1.005288025570104,169.0,536790,1,1,40530.515488075864,1052.1639498846978,0.0003233611182562,41.5,119.29,77.79,66.21245785270631,24.712457852706297,77.79,0.0330828892835923,0.971666666665135,0.0008158673771395,0.5613333333324485,3.1901234563388616e-06,0.028777777777687,3.190123456914862e-06,0.0323888888888653,33779.99999999968,16911.067096774037,17256.276903225644,17959.48206451596,,,52.0,53.54,52.56,,,61204500061,61204500060201,1909.443,11391.018558687469,12.419071,1048.4149677419227,,0.0013936188932518,,4.309791173308758,,4.309791173308758,0.0767246924774983,,0.0767246924774983,12.419071,0.0789108943817131,,0.0789108943817131,0.3400894765650478,False,False,True,POINT (-8368016.531738865 884580.7105062375),COLOMBIA_2011_2,,,52.58715051994409,53.54,True,True,0.340089476084207,-4.808407561007755e-10,False
284.0,114.33333333333331,1.043751262991538,284.0,538393,1,1,40466.928799449175,2758.969170006278,0.0003233611182562,38.04,102.47,64.43,64.26074973600844,26.22074973600845,64.43,0.0465638316604792,0.4270000000028482,-7.043493546654883e-06,0.3980000000031252,9.572468864333484e-07,0.0133888888882552,-9.5724688606949e-07,0.0150222222216027,56790.00000000162,28408.92270967823,29311.70051612987,30117.752129033117,28193.975612904032,27925.29174193628,52.0,54.38380722581597,52.86674361290154,66.22169948398212,55.5287926451736,61204500061,61204500060281,1909.443,11391.018558687469,10.006745,1708.8294193548863,483.6309677419522,0.0018820923955082,0.0397973527792982,5.8204041526632695,123.07402013549046,64.44721214407686,0.1070266601350615,1.290017840101671,0.6985222501183663,10.006745,0.1516041043230775,1.0685699334607326,0.6100870188919051,39.31840767439862,False,False,False,POINT (-8367590.150293941 883132.187089125),COLOMBIA_2011_2,,,53.312818622616085,54.38380722581597,False,False,39.31840753287403,-1.415245876046356e-07,False
219.0,2294.4722222222226,1.4498252657003208,219.0,540023,1,1,40395.22466121057,1991.5156366371757,0.0003233611182562,52.5,107.37,54.870000000000005,71.55524298425736,19.05524298425736,54.870000000000005,0.0542748858447647,0.4966666666611258,0.00033378995433,0.4966666666611258,5.330896353390115e-07,0.0126333333338197,-5.330896347149543e-07,0.0182111111109896,43800.000000000255,21885.870967742063,21819.558709677545,21736.6683870969,21931.24709116905,21992.73923241081,52.5,57.17892301074696,57.132198709676416,54.076258726492966,53.92908692252967,61204500061,61204500060361,1909.443,11391.018558687469,10.949512,149.20258064516383,106.86826466874844,0.0005636882455295,0.0023933432565201,1.743215908484374,7.401456518417597,4.572336213450986,0.2844286877564457,0.0010677488494827,0.1427482183029642,10.949512,0.01,0.013440946405949,0.0117204732029745,0.0535899448929849,False,True,False,POINT (-8367558.198716161 881515.8102068907),COLOMBIA_2011_2,54.63559705354717,54.63559705354717,54.06456739658482,54.076258726492966,False,False,0.0535899440647423,-8.282425925654201e-10,False
330.0,381.6,1.07252388471594,330.0,542626,1,1,40284.28618318102,2806.143044412806,0.0003233611182562,28.0,159.99,131.99,75.84785909090908,47.84785909090909,131.99,0.0536017886918307,0.5880000000007849,-0.0019179930271415,0.5880000000007849,-1.9815994340428053e-06,0.014077777777723,1.9815994335143203e-06,0.0226111111111752,65969.99999999815,32726.51109677327,33338.25870967648,35710.34129032157,31777.678064515232,31353.200129031375,52.5,55.14449419354932,52.14965870967848,55.64720322580837,55.64,61204500061,61204500060491,1909.443,11391.018558687469,9.879115,2983.830193548303,1373.3109677418945,0.0012625342418702,1.6969611820194116e-05,3.904409561293977,0.0524788258764897,1.9784441935852333,0.0,0.0508860339588125,0.0254430169794062,9.879115,0.3031481548570741,0.01,0.156574077428537,0.3097730744899424,False,False,False,POINT (-8369720.278285346 881245.9020376059),COLOMBIA_2011_2,52.900386360260896,52.900386360260896,55.14449419354932,55.14449419354932,False,False,0.3097730743544539,-1.3548850930078515e-10,False
530.0,3281.04,1.2397919830613575,1167.0,544245,3,4,40217.993678017025,4450.204540814264,0.0003233611182562,31.0,153.87,122.87,71.1558234295416,40.15582342954159,122.87,0.0533020096235601,0.7123333333279778,-4.2268138498281815e-05,0.5593333333292637,-3.775009404883217e-08,0.0208999999996753,3.775009487862513e-08,0.0237444444445999,105990.00000000074,52298.88503225843,51516.61045161327,50573.86929032294,52619.81819354876,53221.56787096811,53.0,57.26983135484182,56.87430498924545,55.79012120430031,55.465819010749975,61204500061,61204500060571,1909.443,11391.018558687469,8.727039,1725.0157419354946,922.6828387096756,0.0004195492691073,0.0005389320595936,1.2974635644814552,1.6666569638920572,1.4820602641867562,0.1695546428733576,0.0,0.0847773214366788,8.727039,0.0453219431695409,0.0371606215522054,0.0412412823608732,0.0611220659159396,False,True,False,POINT (-8371174.283375554 880732.8754004036),COLOMBIA_2011_2,,,55.79012120430031,55.79012120430031,False,False,0.0611220658311564,-8.478320129290394e-11,False
584.0,5044.472222222222,1.2397919830613573,584.0,545850,1,1,40158.465714196296,4450.204540814265,0.0003233611182562,33.5,764.79,731.29,128.3324011299435,94.83240112994348,731.29,0.0703642435140011,0.8536666666563151,0.005624454148466,0.8536666666563151,2.9776179052796836e-06,0.0269111111136751,-3.13178029087774e-06,0.0416333333335625,116789.99999999274,58335.223612899594,58512.04116128668,59153.00477418987,,,55.07041135438942,58.80120103247427,56.53766825806352,,,61204500061,61204500060651,1909.443,11391.018558687469,8.692568,817.7811612902733,,0.0035314528396188,,10.921080613102164,,10.921080613102164,0.2567761271254153,,0.2567761271254153,8.692568,0.2603986272423464,,0.2603986272423464,2.8438344040584576,False,False,True,POINT (-8372044.210541976 879531.4988682889),COLOMBIA_2011_2,58.58134949153731,58.58134949153731,56.56915682988382,58.80120103247427,True,True,2.843834399654806,-4.4036516655410204e-09,False
445.0,446.7755102040816,1.0276320460921309,445.0,547465,1,1,40092.1732090323,1101.1849183284965,0.0001763451476798,38.0,119.34,81.34,70.25723289518032,32.257232895180316,81.34,0.0529385255113365,0.4896666666674088,0.000304225668664,0.4556666666673572,1.199175566741688e-07,0.0156000000000471,1.199175552145071e-07,0.0192666666667328,88980.00000000373,44485.1179413685,45921.717561652986,46555.24907121944,43539.28216652282,42843.28980390051,56.99,71.48410943382748,63.18498142438025,70.88235217518283,58.171932025999105,61204500071,61204500070031,1899.413,11326.03057864546,9.902354,2070.131129850939,1641.8281374679937,0.0130997872576642,0.0182622982859065,74.2849317376755,103.55997046806417,88.92245110286984,1.4239805724416048,1.3632114666435746,1.3935960195425898,13.79988251209766,0.601391207654979,0.9210527798364327,0.7612219937457059,67.68972561804253,False,False,False,POINT (-8371390.255246107 878022.2893645869),COLOMBIA_2011_2,,,57.3833482924075,70.88235217518283,False,False,67.68972551728163,-1.0076090006805317e-07,False
428.0,808.9795918367347,1.068962699933644,428.0,549087,1,1,40023.174887331,2348.4634640929203,0.0001763451476798,45.15,122.55,77.4,70.89036440084092,25.740364400840924,77.4,0.0600592358920549,0.6236666666681795,0.0002104217782491,0.6236666666681795,-4.090696585136001e-07,0.0205666666667664,-4.090696584208058e-07,0.0258666666667921,85589.99999999696,42621.61122580494,42832.18103225654,43415.2974193533,,,54.0,61.609890838727985,58.32944258063677,,,61204500071,61204500070111,1899.413,11326.03057864546,9.992849,793.6861935483612,,0.0056257178241865,,31.90174438143028,,31.90174438143028,0.3401640160474939,,0.3401640160474939,9.992849,0.3282795785357321,,0.3282795785357321,10.472691217943858,False,False,True,POINT (-8370999.156184992 876467.2521594496),COLOMBIA_2011_2,,,58.210682850967785,61.609890838727985,True,True,10.472691200090594,-1.785326375625118e-08,False
270.0,170.1388888888889,1.0705325485295905,270.0,550682,1,1,39955.52947389835,3300.3848502671717,0.0001763451476798,52.05,119.86,67.81,77.2694614103276,25.219461410327597,67.81,0.0581288888888368,0.5273333333275783,0.0006729629629976,0.5273333333275783,-7.905626604802482e-07,0.0142999999995884,-1.3464270242446211e-06,0.0169222222221283,54000.00000000067,26737.316129032588,26594.24516129065,26348.980645161617,26849.72903225839,27105.21290322614,54.5,59.21525161290298,59.09299354838732,61.43656774194412,60.5901419354843,61204500071,61204500070191,1899.413,11326.03057864546,12.269121,388.3354838709711,367.8967741935521,0.000498474324565,0.0033130302900946,2.8266971398052485,18.787192807313957,10.806944973559602,0.0155680341535424,0.1966173487696279,0.1060926914615852,12.269121,0.01,0.0689883005033384,0.0394941502516692,0.4268111102237804,False,True,False,POINT (-8371317.965911079 874957.6654235088),COLOMBIA_2011_2,,,59.024245502573,59.21525161290298,False,False,0.4268111085472841,-1.676496219626955e-09,False
320.0,534.1388888888888,1.0465977203112562,320.0,552305,1,1,39887.8840604657,1989.2440638608348,0.0001763451476798,52.5,138.02,85.52000000000001,79.91462980318651,27.4146298031865,85.52000000000001,0.0694017815283963,0.6706666666739864,2.781684636917945e-05,0.6706666666739864,-2.3816968924658657e-06,0.0179222222215176,3.6637481756476e-06,0.0254444444449998,63989.999999999374,32156.007096773883,32672.267823103553,32910.22400567665,,,57.08643290320975,60.8244594643368,60.24671192784112,,,61204500071,61204500070271,1899.413,11326.03057864546,11.330382,738.7060645161218,,0.0024279576509437,,13.768213545361128,,13.768213545361128,0.0601541659453206,,0.0601541659453206,11.330382,0.0509910024653783,,0.0509910024653783,0.0631316498998327,False,True,True,POINT (-8370871.953414101 873433.2448895931),COLOMBIA_2011_2,,,59.85209013176126,60.5336598709673,True,True,0.7020550108353649,-1.9250537275361523e-10,False
396.0,1638.1224489795918,1.0672082909214409,835.0,554325,2,2,39801.29793127191,4797.687053047431,0.0001763451476798,50.48,148.32,97.84,80.37884892086332,29.898848920863315,97.84,0.0701794191919379,0.5836666666733908,5.2651515168664104e-05,0.5836666666733908,2.5851543117775396e-06,0.0168222222215922,2.585154311140665e-06,0.0206111111106508,79199.9999999982,39424.56774193458,39139.78838709587,39004.892903224914,40608.65032257972,40923.40645161197,57.5,92.45356645150116,85.8504283871,81.82165419363801,79.27993548394747,61204500071,61204500070371,1899.413,11326.03057864546,9.992849,419.6748387096668,1498.8387096773877,0.0489500302454004,0.0080752000268593,277.58081744489965,45.792017149924135,161.68641729741188,3.1593723163311056,2.0954203648995167,2.627396340615311,26.25517752231771,0.2514985114379171,0.0968082850527292,0.1741533982453232,28.15823921417937,True,False,False,POINT (-8370791.708690184 871466.5778222907),COLOMBIA_2011_2,,,60.88243280025188,81.82165419363801,False,False,28.15823902245568,-1.917236893689278e-07,False
402.0,2203.84,1.0270063936563951,402.0,555926,1,1,39740.41705918253,1667.0932918863843,0.0001763451476798,36.5,153.71,117.21,78.59316672883253,42.09316672883252,117.21,0.0533922885572258,0.5866666666749191,-0.0003116915423009,0.5866666666749191,3.2806602807637926e-06,0.0195111111116612,-3.280660280868759e-06,0.0309777777783394,80400.00000000194,40204.49548387194,39824.10838709774,39504.58322580741,40524.02064516227,40691.39096774292,58.92507526879845,64.74,63.07652731183251,71.95,64.32567655915372,61204500071,61204500070451,1899.413,11326.03057864546,9.992849,699.9122580645344,486.895483870976,0.0052060772811876,0.0455536159441824,29.522089774994157,258.3207791285348,143.92143445176447,0.3043119955143036,1.0258278793712623,0.665069937442783,9.992849,0.1664663088742247,0.762977949616399,0.4647221292453118,66.88347584185298,True,False,False,POINT (-8371713.295008866 870155.0465643253),COLOMBIA_2011_2,60.33725667092416,60.33725667092416,61.699055875624886,64.74,False,False,66.88347546246357,-3.793894194359382e-07,False
236.0,66.80555555555556,1.0421626871105938,236.0,557559,1,2,39674.12455401853,3786.55511850664,0.0001763451476798,56.68,145.39,88.70999999999998,87.31752223634054,30.637522236340537,88.70999999999998,0.0679730875185506,0.6643333333447727,-0.0007923288832483,0.6643333333447727,1.222787674955042e-06,0.022144444445207,-1.533785694105227e-06,0.031433333333992,47190.00000000087,23555.660312119755,23289.80940992065,23095.533750621307,23790.83611021896,23862.41135311872,60.0,70.33895773372925,66.09446624937856,63.75777037274906,63.58758864688102,61204500071,61204500070531,1899.413,11326.03057864546,12.226133,460.1265614984477,306.75104099896635,0.0218477779347691,0.0023776618366312,123.89214119142883,13.48300119348078,68.68757119245481,0.6453349976609586,0.1070464952627198,0.3761907464618392,12.226133,0.347165492502878,0.0139195055270575,0.1805424990149677,12.401025828817442,False,False,False,POINT (-8372334.700614784 868645.5056098838),COLOMBIA_2011_2,,,62.44900557743668,63.75777037274906,False,False,12.401025754354302,-7.446313965431274e-08,False
330.5,2884.138888888889,1.0352952800065538,330.5,559169,1,2,39609.18495712319,2189.422331415135,0.0006348931191511,37.67,367.36,329.69,112.0997822141561,74.42978221415608,329.69,0.0927739446209778,0.798999999988155,-0.000953094265396,0.7666666666552777,6.747491353624156e-16,0.0250444444447056,1.7437598727212177e-15,0.0416444444448858,66090.00000000266,32976.05757730275,32613.62509726944,32447.510210587505,33278.08464399718,33353.591410670786,61.5,70.50419824973618,67.16314273569392,74.76643522828286,68.48536315682328,61204500081,61204500080041,1891.288,11273.407496241189,8.283508,528.5473667152473,377.5338333680338,0.02011292040506,0.0831855509775067,31.67922253111293,131.02292097405646,81.3510717525847,0.8776960530308652,1.3922409130106976,1.1349684830207811,8.283508,0.4033382371384507,0.7582623293729633,0.580800283255707,47.24872607572755,False,False,False,POINT (-8373665.917900196 867731.1746012822),COLOMBIA_2011_2,,,63.23379509519053,70.50419824973618,False,False,47.248725517056535,-5.586710116745053e-07,False
360.0,1259.5555555555557,1.028656696674758,1060.0,560787,2,3,39551.00990157111,2654.4842328358923,0.0006348931191511,37.5,367.36,329.86,108.0797375,70.5797375,329.86,0.0771539530359456,0.836333333340737,-0.0004369876337318,0.836333333340737,1.2000741345267752e-06,0.0238111111115326,-1.2000741338068506e-06,0.0453333333337507,71970.00000000095,36037.86162466366,36267.31387652533,36394.64558734246,35785.450735589904,35738.01343155999,63.07,68.49,68.02238823291432,65.63811324062655,65.18,61204500081,61204500080121,1891.288,11273.407496241189,7.8983045,356.78396267879725,299.84819310366584,0.0036723904863327,0.0096572358049786,5.78426569064569,15.210805588649444,10.497535639647568,0.5668153693337423,0.2057395968945219,0.3862774831141321,7.8983045,0.0592040693145815,0.0580014660901647,0.0586027677023731,0.615184653255364,False,False,False,POINT (-8374696.050443121 866489.7550345553),COLOMBIA_2011_2,,,64.01311905090677,65.63811324062655,False,False,0.6151846425376493,-1.0717714715724469e-08,False
225.0,247.9591836734694,1.498064871897423,1060.0,562391,2,2,39484.71739640711,3490.2190106419,0.0006348931191511,62.0,137.16,75.16,88.00254666666667,26.002546666666667,75.16,0.0558487880809373,0.4636666666603274,7.249277294711241e-05,0.3786666666732446,-6.675567396920924e-08,0.0153333333329092,6.675567290909863e-08,0.0158888888886765,44969.999999999345,22405.91777226468,23271.185819915034,24359.325940445025,,,63.0,77.92644254025416,72.5329209247397,,,61204500081,61204500080201,1891.288,11273.407496241189,9.389764,1953.4081681803473,,0.0049566425396858,,7.807050336776728,,7.807050336776728,1.3994751473525695,,1.3994751473525695,13.140742756980998,0.4104426755214547,,0.4104426755214547,3.204346631077428,False,False,True,POINT (-8375194.969969006 865000.6864885394),COLOMBIA_2011_2,65.54646601778876,65.54646601778876,64.78569978327316,77.92644254025416,True,True,3.2043466281573147,-2.920113040261185e-09,False
195.5,490.8055555555556,1.498064871897423,195.5,563987,1,1,39418.424891243114,3490.2190106419,0.0006348931191511,58.15,342.33,284.18,120.87063650306747,62.72063650306749,284.18,0.1012264006139441,1.3413333333192334,-0.0066999232539957,1.090333333321879,2.432155657353477e-06,0.0275444444436277,-2.432155656879914e-06,0.0544777777768212,39090.000000000415,19575.06941099709,19126.008437244745,19009.58522182747,,,64.0,77.05684678555416,72.8,,,61204500081,61204500080281,1891.288,11273.407496241189,9.38072,565.4841891696196,,0.0365635559345577,,57.59009639834496,,57.59009639834496,1.1923571194802294,,1.1923571194802294,9.38072,0.4537867866809967,,0.4537867866809967,26.13362501342367,False,False,True,POINT (-8375875.629594041 863614.1915366666),COLOMBIA_2011_2,,,65.87167731534646,77.05684678555416,True,True,26.133624789253805,-2.241698666693992e-07,False
233.0,314.56,1.5468595025501084,233.0,565627,1,1,39352.13238607912,4329.805747964604,0.0006348931191511,62.5,135.93,73.43,92.02657014157016,29.526570141570136,73.43,0.0568025327323316,0.5469999999983084,-0.0004672676539695,0.5469999999983084,-1.0237686144310226e-06,0.0174777777776716,1.0237686153596811e-06,0.0158777777776935,46590.00000000055,23297.44999728644,23559.553630801533,23734.28938647826,22898.053984311064,22760.761604850777,65.0,75.53434377355725,74.23856163605839,69.45872151114044,69.42771518544887,61204500081,61204500080361,1891.288,11273.407496241189,8.989957,436.8393891918204,536.6883924356625,0.0074156667309722,0.0002258415622747,11.680181289234174,0.3557158763614735,6.017948582797824,0.9507528197603644,0.2749296109737589,0.6128412153670617,8.989957,0.1441366335232594,0.01,0.0770683167616297,0.4637931703048202,False,False,False,POINT (-8376899.251271557 864603.3788543624),COLOMBIA_2011_2,65.29322896852331,65.29322896852331,66.98711585553,69.45872151114044,False,False,0.4637931676342635,-2.670556720207884e-09,False
302.5,79.25,1.5468595025501084,1060.0,567236,2,2,39287.19278918378,4329.805747964604,0.0006348931191511,50.97,379.32,328.35,114.1370798215171,63.167079821517106,328.35,0.0784680886243453,1.5380000000150134,-0.0004098875661183,1.5380000000150134,7.609594701644098e-07,0.0512666666676675,8.38158257977912e-07,0.0512666666676675,60479.99999999907,30220.51256501098,30609.36431750213,30901.003131870493,29645.336014451157,29556.224154505268,66.0,69.14872863500523,68.23100313187089,71.58063181212725,70.5673449270341,61204500081,61204500080441,1891.288,11273.407496241189,8.269233,680.4905668595129,664.2884105057128,0.0031467879266179,0.0113709541506314,4.956405781851106,17.9100289602055,11.433217371028304,0.1285140336965473,0.422604535564317,0.2755592846304321,8.269233,0.1109807285795834,0.1225369856059385,0.1167588570927609,1.3349294058424217,False,False,False,POINT (-8378296.052206849 864617.7715419142),COLOMBIA_2011_2,,,68.08601601808459,69.14872863500523,False,False,1.3349293931343662,-1.2708055496801762e-08,False
309.5,1296.3333333333333,1.0134202535950274,1060.0,568846,2,2,39219.54737575113,2613.7410591092835,0.0006348931191511,65.92,163.57,97.65,93.51476259689922,27.594762596899223,97.65,0.0559625141379674,0.5219999999993036,-2.2297624805639e-05,0.5219999999993036,8.621618668522556e-08,0.0138444444444075,8.621618735437497e-08,0.0188555555555052,61890.00000000058,30947.015269679596,30484.02383173529,30389.582792154608,31329.386307981866,31412.310147613676,68.97432824344034,75.26444237136506,72.94069534641007,79.4631287693272,69.67924059045315,61204500081,61204500080521,1891.288,11273.407496241189,8.283508,557.4324775249879,465.2948779340804,0.0246052670604558,0.1179864331455101,38.75497515763743,185.83668587126425,112.29583051445084,0.7345111077357428,1.241384028132417,0.98794756793408,8.283508,0.2805269246984487,1.181128596589036,0.7308277606437423,82.06891131228123,True,False,False,POINT (-8378841.2550653685 863093.1309565464),COLOMBIA_2011_2,70.12683586151783,70.12683586151783,69.18011299983607,75.26444237136506,False,False,82.06891034450534,-9.67775889648692e-07,False
266.5,561.5833333333334,1.0417673511274834,266.5,570841,1,1,39132.96124655734,1707.4258549035942,0.0009726824525845,64.17,243.63,179.45999999999998,104.17232976927404,40.002329769274056,179.45999999999998,0.0684590840841073,0.874333333329305,0.0013798798798709,0.6066666666638711,3.956181533141211e-06,0.0202222222220358,-3.9561815333561335e-06,0.0220555555577963,53279.99999999938,26577.903953248388,26888.97854761259,27096.361610522057,,,68.5,89.93218592069154,86.94020106293559,,,61204500091,61204500090071,1873.267,11156.76089237312,10.110646,518.4576572736696,,0.0144273346210282,,14.832522764951255,,14.832522764951255,1.9222561775946283,,1.9222561775946283,19.435253655228593,0.1539462726256227,,0.1539462726256227,2.2834116042966905,False,False,True,POINT (-8379259.970609067 861141.8335880475),COLOMBIA_2011_2,70.52187443531979,70.52187443531979,70.49693226546295,89.93218592069154,True,True,2.283411593298942,-1.099774848967172e-08,False
175.0,1372.571428571429,1.1394026576992708,175.0,572437,1,1,39066.66874139334,3802.964916348199,0.0009726824525845,70.0,281.3,211.3,117.66928877463582,47.66928877463582,211.3,0.0906417953116654,1.4270000000249188,-0.0024668381931877,0.560666666676083,-7.305674770561357e-06,0.0471333333349929,-8.469241769757109e-06,0.0475666666668454,34980.00000000003,17452.883878293458,18048.21100986474,18064.747874630608,,,70.0,76.59446479405362,76.04337486773343,,,61204500091,61204500090151,1873.267,11156.76089237312,11.688836,611.8639963371497,,0.0333249319503824,,34.26085446677412,,34.26085446677412,0.4313466605463217,,0.4313466605463217,11.688836,0.0471466899116548,,0.0471466899116548,1.6152859793076266,False,True,True,POINT (-8378836.353780261 859633.1572075165),COLOMBIA_2011_2,,,71.55252398843334,76.59446479405362,True,True,1.6152858816533338,-9.765429287433849e-08,False
386.5,683.138888888889,1.1155425985130647,1357.0,574005,2,2,39008.49368584126,2462.387140641062,0.0009726824525845,55.29,493.99,438.7,148.8001474582848,93.51014745828482,438.7,0.0961746894409739,1.3713333333050626,0.0047945134575698,1.3713333333050626,2.8824163956689807e-06,0.0457111111092264,2.8824164009722815e-06,0.0457111111092264,77280.00000000016,38665.95950832359,38250.70296147864,38191.38059764364,,,71.5,71.99765679507291,71.52300996072337,,,61204500091,61204500090231,1873.267,11156.76089237312,8.626832,474.5789106799494,,0.0080011448577575,,8.225855042925717,,8.225855042925717,0.0,,0.0,8.626832,0.0550198304950811,,0.0550198304950811,0.4525851577621225,False,False,True,POINT (-8379831.615367812 858458.9264394313),COLOMBIA_2011_2,72.34309886631407,72.34309886631407,71.99765679507291,71.99765679507291,True,True,0.4525851501388818,-7.623240705356693e-09,False
302.5,622.1388888888888,1.0575876576683652,1357.0,575602,2,2,38939.49536413996,2671.606448476146,0.0009726824525845,70.12,489.05,418.93,146.251328705999,76.131328705999,418.93,0.1021023478835616,1.0703333333317762,-0.0002121362433332,0.842999999998825,-1.18555280126651e-06,0.0356777777776739,1.1855528013241912e-06,0.0402111111109982,60479.99999999963,30303.106753307613,30907.241199635264,31194.9242693151,,,72.5,74.82,73.29,,,61204500091,61204500090311,1873.267,11156.76089237312,9.411016,891.8175160074861,,0.0053183525759245,,5.467717199784204,,5.467717199784204,0.1200130964140362,,0.1200130964140362,9.411016,0.1625754328756838,,0.1625754328756838,0.8889164936769005,False,False,True,POINT (-8379767.025908978 856904.3841256675),COLOMBIA_2011_2,73.45794508756926,73.45794508756926,73.69055470942486,74.82,True,True,0.888916490596739,-3.0801614592235182e-09,False
213.0,167.0,1.0030211814377326,213.0,577197,1,1,38877.261583781925,1434.543688170768,0.0009726824525845,73.17,626.85,553.6800000000001,162.85862772695285,89.68862772695284,553.6800000000001,0.1144401408450523,0.8856666666580753,-0.0119528169013076,0.8266666666586517,-7.000234909722833e-06,0.0275555555550212,-7.0002349029375605e-06,0.0370555555549611,42599.99999999992,21203.644599355815,21652.42217180921,22134.94241888315,20886.463457922593,20832.475178529705,74.0,85.03273348457215,81.33191618483954,82.8493452358063,77.63881089225711,61204500091,61204500090391,1873.267,11156.76089237312,10.567203,931.2978195273354,371.1694208261106,0.0076697658067304,0.0965123227787703,7.885169292764773,99.22284762342414,53.55400845809446,0.9716790930753696,0.7650597973027271,0.8683694451890485,10.567203,0.350217299670746,0.4930854781108288,0.4216513888907874,22.581122437684865,False,False,False,POINT (-8380592.798139203 855532.1907476449),COLOMBIA_2011_2,,,74.76480228550973,82.8493452358063,False,False,22.581122047024508,-3.90660357396655e-07,False
469.5,5535.583333333333,1.3365154906658383,469.5,578772,1,3,38815.02780342389,2062.7411128507915,0.0009726824525845,41.5,697.87,656.37,235.04233865814695,193.54233865814695,656.37,0.1431597954617817,1.5766666666778282,-0.0049980824544185,1.2030000000084622,-1.01413753930282e-05,0.0355888888893899,1.0141375393989578e-05,0.065811111111662,93870.00000000112,47232.456185041156,47164.780909719615,46894.079808433446,,,74.5,74.5,77.2074349553955,,,61204500091,61204500090471,1873.267,11156.76089237312,8.412103,338.37637660771,,-0.0100015660539621,,10.282457576352057,,10.282457576352057,0.0,,0.0,8.412103,0.01,,0.01,0.1028245761433279,False,True,True,POINT (-8381350.89488584 854151.941457454),COLOMBIA_2011_2,,,74.5,74.5,True,True,0.1028245757635205,-3.798073522354173e-10,False
168.0,403.47222222222223,1.0647009489895467,168.0,580352,1,1,38751.4411147972,2310.9259921184125,0.0009726824525845,63.52,215.31,151.79,107.97489285714286,44.45489285714285,151.79,0.0935284480190582,0.8369999999992387,-0.0045215966636986,0.6333333333327189,-6.06241303997264e-07,0.0275666666666165,6.062413034147391e-07,0.0264888888889467,33570.0000000006,16742.851524762,16584.5454373364,16270.710562264596,,,75.5,78.228181749346,77.4999826239018,,,61204500091,61204500090551,1873.267,11156.76089237312,11.690436,472.1409624974058,,0.0023203256902448,,2.385491466489921,,2.385491466489921,0.1186205424001442,,0.1186205424001442,11.690436,0.0622901597035564,,0.0622901597035564,0.1485926448912839,False,False,True,POINT (-8382774.3316072645 854590.8781652398),COLOMBIA_2011_2,77.34782365403115,77.34782365403115,76.84145577151129,78.228181749346,True,True,0.1485926444191283,-4.72155536890284e-10,False
462.0,236.20408163265304,1.010208136619731,462.0,581956,1,2,38683.79570136455,1020.4065072795896,0.0009566815400004,54.47,778.05,723.5799999999999,227.41835064935063,172.94835064935063,723.5799999999999,0.1242917613943915,0.8749999999715631,0.0037389845188064,0.8233333333069746,-1.0071474981934528e-06,0.0230222222221496,1.0504656724174557e-06,0.0269444444457159,92369.99999999691,46178.75615429563,46594.61521896013,46647.70361019389,45897.83008401696,45869.07387209867,77.0,79.82230796840017,79.75229638980643,79.41336397745643,79.20710031391677,61204500101,61204500100071,1849.435,11002.649666454192,8.412103,468.9474558982547,309.68228219696175,0.0013187737591573,0.0071728382358881,1.3784877245115588,7.49762375041239,4.4380557374619745,0.2289366312079133,0.1803228728730496,0.2046297520404815,8.412103,0.01,0.0245198689958573,0.0172599344979286,0.0766005538000371,False,True,False,POINT (-8383412.323636966 853320.4358081301),COLOMBIA_2011_2,,,77.89646921726955,79.41336397745643,False,False,0.0766005513267502,-2.4732868530996654e-09,False
257.0,734.25,1.0653038323595814,257.0,583543,1,1,38616.1502879319,3179.535406742006,0.0009566815400004,73.07,870.45,797.3800000000001,190.00694865810968,116.93694865810969,797.3800000000001,0.1442093792566698,1.1363333333335066,-0.0069990270480764,1.1363333333335066,-7.788162056061907e-08,0.0331666666666775,2.466251323635505e-07,0.0385777777776359,51390.00000000008,25715.18114827936,25415.387376646788,25315.45611943593,,,78.26863524713181,80.10485890898147,79.91757313427323,,,61204500101,61204500100151,1849.435,11002.649666454192,10.110646,399.72502884342975,,0.0018741460686211,,1.959007245629895,,1.959007245629895,0.1150782958660431,,0.1150782958660431,10.110646,0.0185236210137555,,0.0185236210137555,0.0362879081439827,False,True,True,POINT (-8383876.606485515 851935.3446651971),COLOMBIA_2011_2,81.63514886083789,81.63514886083789,78.94134288211835,80.10485890898147,True,True,0.0362879077812493,-3.6273339887316064e-10,False
270.0,334.47222222222223,1.0953009398905502,270.0,585113,1,1,38553.916507573864,3075.905115538359,0.0009566815400004,76.5,703.79,627.29,192.67384786229871,116.17384786229871,627.29,0.1518938888888973,1.1426666666666676,0.0038727777777774,1.078000000000001,2.0443456241315836e-06,0.0289666666666647,2.0443456233872297e-06,0.0331000000000444,53999.99999999956,27002.40434061379,26343.445205391265,26178.705421585633,,,79.5,86.98482420410369,85.23,,,61204500101,61204500100231,1849.435,11002.649666454192,10.131856,823.6989190281565,,0.010652097222138,,11.134423292137098,,11.134423292137098,0.6914865283976543,,0.6914865283976543,10.131856,0.1731986917405541,,0.1731986917405541,1.9284675591696392,False,False,True,POINT (-8384485.19285938 850561.357296603),COLOMBIA_2011_2,,,79.97878158095222,86.98482420410369,True,True,1.9284675474836996,-1.1685939549366252e-08,False
198.5,209.1388888888889,1.1252980474215188,198.5,586703,1,1,38487.624002409866,2972.274824334712,0.0009566815400004,79.01,405.55,326.54,122.66473564954684,43.65473564954682,326.54,0.091337868480729,1.0713333333318236,-0.0077611489039937,0.6879999999990406,-7.850058833600561e-06,0.0236888888890165,7.850058833919112e-06,0.0357111111110101,39690.00000000073,19808.742747671535,19398.603327434274,19198.302680341654,19951.81463845197,20190.267789752703,81.0,84.23,84.24056577321947,85.375443915356,82.88071410600743,61204500101,61204500100311,1849.435,11002.649666454192,10.5835905,610.4400673298805,381.52504208116807,-5.2749570808093344e-05,0.010462138098314,0.0551380669559812,10.93586283509735,5.495500451026666,0.3023813571606941,0.4106096382083892,0.3564954976845417,10.5835905,0.01,0.235716773938728,0.122858386969364,0.6751683238303017,False,False,False,POINT (-8385132.15854793 849271.6917763023),COLOMBIA_2011_2,,,81.02971923859562,84.23,False,False,0.6751683210025486,-2.827753031731106e-09,False
358.0,635.8055555555555,1.0065274916487092,1080.0,588291,2,2,38424.03731378318,984.5735139659336,0.0009566815400004,82.4,626.54,544.14,263.7579430247172,181.35794302471723,544.14,0.1567581726739092,1.1640000000119968,0.000186784017982,1.0653333333146002,1.5979501505312269e-06,0.032699999998739,-1.5979501458355496e-06,0.0395111111101345,71580.00000000036,35819.66935963944,35196.7389482402,33129.14013593634,,,82.50022042690723,92.23130106832538,89.60964898914897,,,61204500101,61204500100391,1849.435,11002.649666454192,9.395102,2690.5292237031026,,0.0012679694253583,,1.3253829747334478,,1.3253829747334478,1.080671251159446,,1.080671251159446,9.395102,0.2790445573849452,,0.2790445573849452,0.3698409057249572,False,False,True,POINT (-8386279.89178241 848304.7106309731),COLOMBIA_2011_2,81.54643795503598,81.54643795503598,82.07828335454352,92.23130106832538,True,True,0.369840905550037,-1.7492018944409438e-10,False
148.5,482.25,1.0903743900316936,148.5,589876,1,1,38361.80353342514,4158.232825037368,0.0009566815400004,82.83,284.83,202.0,126.52784848484846,43.69784848484849,202.0,0.0978948432760465,0.8559999999936941,-0.0033110886417353,0.8309999999938783,-1.0672514619594575e-05,0.0261666666674298,-1.0672514619205116e-05,0.0254888888890779,29670.0000000004,14801.844006954248,15388.137940060198,15468.087112756464,,,84.0,87.29972438162815,87.0,,,61204500101,61204500100471,1849.435,11002.649666454192,11.366408,666.2431058022157,,0.0037489365777166,,3.9186881119448262,,3.9186881119448262,0.3674372651453581,,0.3674372651453581,11.366408,0.026369314002115,,0.026369314002115,0.1033331185916752,False,True,True,POINT (-8387174.024889776 847014.887204303),COLOMBIA_2011_2,,,83.12328214414457,87.29972438162815,True,True,0.1033331173002285,-1.2914466995805896e-09,False
